user_id,age,income,credit_score,num_late_payments,avg_days_overdue,bill_frequency,spending_ratio,savings_balance,loan_repayment_status,marital_status,social_media_sentiment,total_debt,debt_to_income_ratio,on_time_payment
1,56,8002,638,6,26,4,0.23,2526,1,Divorced,Positive,2409,0.53,1
2,69,2331,762,1,20,2,0.24,2867,0,Divorced,Neutral,9607,0.79,1
3,46,5261,692,12,4,1,0.49,3516,0,Divorced,Negative,7718,0.33,1
4,32,8648,614,8,5,5,0.64,3367,1,Divorced,Neutral,580,0.53,1
5,60,6115,625,9,16,2,0.17,2194,0,Married,Positive,2583,0.99,1
6,25,5637,748,1,0,4,0.95,3555,0,Single,Negative,2190,0.72,1
7,38,5854,692,2,30,2,0.78,445,0,Single,Negative,1256,0.86,1
8,56,4177,642,10,24,1,0.63,3626,1,Single,Neutral,3170,0.47,1
9,75,8730,773,12,18,3,0.85,4016,1,Married,Neutral,4251,0.79,1
10,36,3180,840,9,3,3,0.17,3875,1,Single,Negative,9159,0.14,1
11,40,5892,651,1,16,4,0.53,3337,1,Married,Neutral,5761,0.21,1
12,28,8043,816,2,8,4,0.67,261,1,Married,Positive,7352,0.28,1
13,28,1137,659,5,30,3,0.85,1848,0,Married,Neutral,1994,0.46,1
14,41,7327,814,8,23,4,0.81,4992,1,Single,Neutral,6240,0.86,1
15,70,4472,552,8,1,2,0.35,4025,0,Single,Negative,9711,0.41,0
16,53,6449,634,6,7,5,0.95,2266,1,Single,Neutral,8555,0.69,1
17,57,3832,831,11,14,5,0.21,91,0,Divorced,Neutral,1401,0.74,1
18,41,4579,666,2,6,2,0.89,4222,1,Married,Neutral,1172,0.63,1
19,20,6971,770,3,26,5,0.97,4175,1,Divorced,Positive,9130,0.42,1
20,39,5164,703,5,5,1,0.26,3309,1,Married,Neutral,944,0.62,1
21,70,8941,702,10,0,2,0.75,982,1,Single,Positive,9657,0.41,1
22,19,6569,561,4,14,4,0.14,3443,1,Married,Positive,9155,0.18,0
23,41,5300,682,1,22,2,0.46,2533,1,Married,Positive,2698,0.99,1
24,61,7269,842,12,25,3,0.56,693,0,Divorced,Positive,2787,0.21,1
25,47,4818,849,5,6,4,0.62,4120,1,Married,Negative,4508,0.17,1
26,55,2906,777,2,28,3,0.94,155,0,Single,Positive,9604,0.89,1
27,19,7254,820,7,29,4,0.71,3588,1,Married,Neutral,996,0.37,1
28,38,1760,592,1,24,5,0.53,1812,0,Married,Positive,1963,0.69,0
29,50,8830,570,0,16,2,0.83,4114,0,Married,Neutral,7328,0.4,0
30,29,8350,656,8,1,1,0.96,1407,0,Divorced,Positive,4753,0.45,1
31,75,7238,666,11,26,4,0.12,1216,0,Married,Negative,993,0.34,1
32,39,7090,673,2,8,4,0.98,1410,0,Married,Positive,5565,0.41,1
33,61,7031,830,10,28,3,0.18,3497,0,Divorced,Positive,5930,0.47,1
34,42,8687,841,0,8,5,0.83,4372,1,Divorced,Negative,1926,0.75,1
35,66,9472,752,6,12,3,0.35,4840,0,Divorced,Positive,2293,0.56,1
36,44,2887,600,12,5,3,0.22,551,1,Divorced,Neutral,3223,0.95,1
37,59,4266,820,9,5,5,0.5,3394,1,Single,Positive,1158,0.14,1
38,45,1666,826,4,19,1,0.68,1176,0,Single,Positive,5261,0.55,1
39,33,5188,690,4,19,3,0.44,4734,0,Married,Positive,8130,0.63,1
40,32,1671,824,0,20,3,0.15,4332,1,Single,Negative,9241,0.93,1
41,64,7777,839,8,2,4,0.64,997,0,Married,Positive,9334,0.14,1
42,68,8570,601,6,16,5,0.91,4076,0,Single,Positive,4850,0.62,1
43,61,8956,576,7,30,2,0.44,2731,0,Divorced,Neutral,707,0.87,0
44,72,6124,706,8,16,1,0.29,3937,0,Divorced,Positive,4690,0.32,1
45,69,6585,788,5,11,1,0.5,4052,0,Single,Positive,2383,0.89,1
46,74,5777,705,11,15,5,0.14,372,0,Single,Positive,3386,0.12,1
47,20,4900,840,4,14,4,0.84,2248,0,Married,Positive,977,0.76,1
48,54,7677,685,5,12,4,0.84,848,1,Married,Neutral,9453,0.94,1
49,68,7981,693,10,22,5,0.63,2556,0,Married,Neutral,8881,0.69,1
50,24,7376,655,1,0,4,0.42,2322,1,Divorced,Negative,7354,0.5,1
51,38,1523,707,3,16,1,0.82,503,1,Divorced,Positive,1255,0.14,1
52,26,3393,695,2,2,1,0.6,3189,1,Divorced,Negative,5431,0.93,1
53,56,3593,551,12,25,2,0.84,702,1,Divorced,Negative,6224,0.52,0
54,35,8240,626,6,14,5,0.67,3625,0,Married,Positive,4650,0.13,1
55,21,7937,681,8,3,3,0.81,314,1,Divorced,Neutral,4560,0.72,1
56,42,7190,639,4,3,3,0.64,2376,1,Divorced,Neutral,5265,0.53,1
57,31,6240,812,5,17,2,0.47,1040,1,Divorced,Positive,4112,0.21,1
58,67,7493,657,9,16,2,0.96,4378,1,Divorced,Positive,7053,0.29,1
59,75,3878,623,11,18,4,0.59,2990,1,Single,Neutral,7878,0.16,1
60,26,5143,588,11,10,2,0.64,257,0,Married,Positive,2189,0.62,1
61,43,4644,708,1,19,2,0.3,574,0,Married,Positive,1816,0.66,1
62,70,5432,620,2,2,3,0.66,4669,1,Divorced,Positive,7630,0.56,1
63,19,2276,790,2,7,4,0.61,1552,0,Single,Neutral,3686,0.84,1
64,37,6811,847,11,13,2,0.27,4518,0,Married,Negative,6289,0.87,1
65,45,1302,585,11,25,2,0.15,757,1,Married,Negative,1645,0.65,1
66,64,1638,633,8,0,4,0.64,2810,1,Divorced,Positive,4894,0.11,1
67,24,1055,812,6,13,5,0.79,1104,1,Divorced,Neutral,8442,0.73,1
68,61,9717,721,7,1,4,0.57,4524,0,Married,Positive,8048,0.48,1
69,25,9150,722,10,28,3,0.3,3459,1,Married,Neutral,1060,0.61,1
70,64,3125,596,9,22,5,0.7,3992,0,Single,Positive,2412,0.68,1
71,52,1364,690,10,3,1,0.17,203,0,Married,Neutral,2364,0.42,1
72,31,7809,667,8,23,4,0.5,2775,0,Married,Neutral,796,0.93,1
73,34,5621,826,5,26,3,0.25,2332,1,Divorced,Negative,2909,0.22,1
74,53,6126,763,3,28,5,0.27,1992,0,Married,Positive,8130,0.7,1
75,67,6122,769,11,18,4,0.28,2243,1,Divorced,Negative,1961,0.1,1
76,57,2646,575,0,5,2,0.45,306,1,Married,Negative,4792,0.93,0
77,21,1918,558,7,24,4,0.15,1687,1,Married,Neutral,2768,0.2,0
78,19,3797,820,6,0,1,0.46,4109,1,Married,Positive,1494,0.19,1
79,23,7506,559,1,16,4,0.56,1860,1,Single,Neutral,7054,0.4,0
80,71,6870,670,7,7,5,0.53,1961,0,Divorced,Neutral,507,0.44,1
81,59,2531,674,11,18,5,0.44,722,0,Single,Neutral,3015,0.29,1
82,21,9172,719,4,20,4,0.86,779,0,Married,Positive,1917,0.63,1
83,71,4345,621,6,0,5,0.23,528,0,Single,Positive,2816,0.5,1
84,46,8673,701,3,4,2,0.56,4893,0,Divorced,Neutral,7858,0.13,1
85,35,7949,757,4,26,4,0.16,343,1,Married,Positive,4432,0.39,1
86,43,7882,598,7,15,2,0.16,3786,1,Single,Neutral,6704,0.83,1
87,61,2906,703,0,5,2,0.62,3682,0,Single,Positive,1787,0.72,1
88,51,4086,842,0,7,3,0.61,208,0,Divorced,Positive,1618,0.75,1
89,27,9152,617,3,12,4,0.89,4736,0,Single,Negative,9244,0.73,1
90,53,6750,599,2,15,5,0.6,3406,1,Divorced,Neutral,8137,0.38,0
91,31,9905,701,12,29,2,0.96,1311,1,Married,Negative,1160,0.19,1
92,48,2062,568,9,2,3,0.14,2299,1,Married,Negative,9407,0.35,0
93,65,2976,649,11,18,4,0.19,3336,0,Single,Neutral,7422,0.85,1
94,32,2296,609,1,11,4,0.14,1947,0,Married,Neutral,8604,0.98,0
95,25,7229,716,11,15,1,0.27,919,0,Married,Positive,6837,0.54,1
96,31,8641,751,2,26,1,0.59,2044,0,Single,Neutral,3029,0.11,1
97,40,1125,695,10,10,2,0.68,418,1,Married,Negative,4470,0.23,1
98,74,5632,713,10,9,1,0.14,1749,0,Single,Negative,3907,0.39,1
99,57,7288,791,10,24,2,0.95,2842,0,Divorced,Neutral,9546,0.62,1
100,38,4596,618,0,19,5,0.86,1099,0,Divorced,Negative,7916,0.17,0
101,33,7168,724,0,30,2,0.37,3392,1,Divorced,Positive,5260,0.95,1
102,62,8561,598,5,3,1,0.17,2772,1,Single,Negative,2397,0.43,0
103,35,9258,657,4,11,5,0.25,2480,0,Single,Positive,6864,0.92,1
104,64,1232,775,7,22,1,0.21,1545,1,Married,Negative,8964,0.8,1
105,70,7371,710,1,1,2,0.21,1070,1,Married,Positive,4587,0.78,1
106,41,5206,668,3,23,3,0.57,1850,1,Married,Positive,9964,0.65,1
107,43,8943,698,7,21,4,0.32,4198,1,Married,Neutral,4874,0.66,1
108,42,7891,699,11,18,1,0.42,2939,1,Married,Positive,8107,0.67,1
109,62,7738,842,5,24,2,0.99,1903,0,Single,Neutral,4519,0.67,1
110,58,3472,692,0,4,5,0.72,678,0,Single,Negative,1315,0.6,1
111,46,3739,709,3,7,1,0.95,988,0,Divorced,Negative,7755,0.99,1
112,32,6401,560,0,6,1,0.23,2475,1,Divorced,Negative,1422,0.76,0
113,62,2761,687,12,13,4,0.44,1607,1,Divorced,Positive,5367,0.8,1
114,18,1876,627,1,23,2,0.6,2869,1,Divorced,Negative,1764,0.89,0
115,42,4812,626,4,22,3,0.17,1502,1,Single,Negative,4224,0.29,1
116,24,2460,803,7,2,5,0.1,1789,0,Single,Neutral,3222,0.18,1
117,26,2733,807,7,17,2,0.7,1425,0,Single,Neutral,5855,0.53,1
118,41,2605,840,10,15,5,0.68,2440,0,Married,Negative,3050,0.56,1
119,18,6622,812,2,22,1,0.47,2042,0,Married,Negative,5819,0.85,1
120,61,7767,634,10,18,4,0.54,1278,0,Divorced,Positive,7186,0.5,1
121,25,7986,695,12,18,4,0.47,2594,0,Married,Positive,2173,0.61,1
122,41,4517,591,3,17,3,0.12,4689,1,Single,Negative,5087,0.57,0
123,28,4735,674,9,19,4,0.4,2436,1,Divorced,Neutral,5853,0.13,1
124,68,9434,716,10,15,1,0.26,3803,0,Divorced,Negative,7357,0.65,1
125,34,3590,790,5,7,3,0.19,2205,1,Married,Positive,2166,0.85,1
126,25,2063,829,10,27,2,0.96,1027,0,Divorced,Neutral,5011,0.24,1
127,52,5324,737,10,0,4,0.64,3539,0,Married,Neutral,6672,0.63,1
128,52,6342,568,9,16,3,0.76,3483,1,Married,Positive,1884,0.63,0
129,50,1005,617,2,11,1,0.38,2241,0,Divorced,Negative,4903,0.25,0
130,22,8489,767,1,29,5,0.45,2765,0,Married,Negative,4454,0.21,1
131,59,9659,651,5,20,5,0.31,1173,0,Married,Negative,6805,0.98,1
132,56,9195,591,10,10,1,0.19,3230,1,Married,Positive,8752,0.45,1
133,75,6966,837,12,4,1,0.26,3350,1,Married,Neutral,7738,0.3,1
134,58,9837,716,4,26,5,0.82,4911,1,Divorced,Positive,7481,0.25,1
135,45,1117,658,9,11,3,0.71,403,1,Single,Negative,6526,0.7,1
136,24,3551,585,4,16,5,0.59,4988,0,Single,Positive,7109,0.65,0
137,26,6560,781,9,5,1,0.53,2725,1,Married,Neutral,9164,0.68,1
138,25,5289,778,12,0,4,0.93,3382,1,Married,Positive,1458,0.18,1
139,29,1846,713,4,4,2,0.17,4163,1,Married,Negative,9224,0.9,1
140,51,7316,622,9,24,4,0.35,87,0,Single,Neutral,993,0.45,1
141,50,7469,685,11,27,4,0.41,1158,1,Married,Positive,7542,0.38,1
142,65,9915,619,4,13,1,0.8,4273,1,Divorced,Positive,581,0.52,1
143,72,1224,745,2,4,5,0.99,2857,0,Divorced,Neutral,7499,0.45,1
144,40,5208,818,6,21,3,0.32,1381,0,Divorced,Neutral,3470,0.88,1
145,41,7283,598,5,23,4,0.89,4681,0,Single,Negative,511,0.94,0
146,54,3048,679,3,26,5,0.85,2064,0,Married,Neutral,8324,0.37,1
147,52,7233,554,1,0,3,0.3,2374,1,Married,Negative,1261,0.88,0
148,61,2828,576,11,29,4,0.46,317,0,Married,Positive,3685,0.8,0
149,57,2917,709,8,17,3,0.47,1502,1,Single,Negative,525,0.94,1
150,39,5234,698,0,15,5,0.98,2042,1,Single,Positive,2306,0.32,1
151,44,7988,813,12,8,2,0.26,4598,1,Single,Neutral,7151,0.62,1
152,52,3026,779,12,18,5,0.82,2022,1,Single,Positive,6164,0.35,1
153,18,4744,749,10,21,1,0.4,118,1,Divorced,Neutral,5654,0.84,1
154,52,1009,599,3,4,3,0.76,709,0,Single,Positive,6324,0.1,0
155,54,1260,616,0,26,2,0.48,3557,1,Single,Positive,4159,0.61,0
156,64,7038,849,12,1,3,0.62,4140,1,Single,Positive,2025,0.41,1
157,31,3219,607,5,29,3,0.85,4409,1,Married,Positive,1260,0.39,0
158,20,8041,808,3,14,4,0.82,3250,0,Married,Negative,1094,0.68,1
159,18,3060,679,4,6,1,0.88,417,1,Married,Positive,7692,0.87,1
160,22,6287,764,4,3,3,0.15,2603,1,Divorced,Negative,1555,0.65,1
161,43,2619,721,8,0,5,0.72,3854,0,Divorced,Neutral,3583,0.87,1
162,72,9512,807,0,12,5,0.23,1101,1,Single,Neutral,4175,0.34,1
163,31,2342,651,12,19,4,0.47,4421,1,Married,Negative,6457,0.57,1
164,56,3832,758,1,21,1,0.59,3428,0,Divorced,Neutral,5755,0.51,1
165,44,3824,840,12,6,1,0.46,2261,1,Married,Neutral,9911,0.11,1
166,26,2994,835,5,14,5,0.57,4169,1,Divorced,Positive,4728,0.6,1
167,32,4490,665,4,22,2,1.0,3634,1,Divorced,Positive,4681,0.7,1
168,32,8984,813,10,13,4,0.22,508,1,Single,Positive,2330,0.63,1
169,43,2604,699,6,22,4,0.71,2379,1,Single,Negative,3895,0.76,1
170,59,1235,849,2,18,5,0.46,3164,0,Divorced,Negative,1703,0.61,1
171,30,2908,585,2,21,5,0.22,687,0,Single,Neutral,3310,0.16,0
172,68,9567,836,9,28,2,0.24,4752,0,Divorced,Positive,3592,0.2,1
173,49,4530,757,1,23,2,0.95,1292,1,Divorced,Negative,3544,0.64,1
174,56,6256,655,12,19,1,0.89,3905,1,Married,Negative,6571,0.35,1
175,66,3635,707,2,28,4,0.92,3075,1,Single,Positive,7772,0.17,1
176,69,9162,670,9,23,4,0.99,3209,0,Single,Negative,5173,0.49,1
177,49,3560,604,0,17,5,0.29,324,1,Single,Positive,4014,0.6,0
178,21,6415,561,4,30,1,0.42,1993,1,Married,Neutral,6692,0.4,0
179,47,4391,694,11,9,4,0.7,3976,1,Married,Neutral,644,0.75,1
180,54,6951,685,4,8,1,0.54,4812,0,Married,Neutral,8007,0.68,1
181,40,6468,552,11,24,1,0.48,2770,0,Single,Positive,5357,0.4,0
182,56,9007,693,10,7,5,0.42,4372,1,Single,Negative,1877,0.78,1
183,62,7413,579,6,25,1,0.63,2583,1,Single,Neutral,3646,0.68,0
184,32,7941,786,3,29,2,0.62,3557,1,Married,Neutral,5524,0.67,1
185,60,5820,828,2,28,2,0.25,3587,0,Married,Neutral,1293,0.6,1
186,46,3898,664,0,9,3,0.52,151,0,Divorced,Negative,6256,0.11,1
187,53,8546,653,11,16,5,0.6,954,0,Married,Negative,4914,0.73,1
188,30,1077,667,7,1,3,0.61,4354,1,Divorced,Positive,1610,0.44,1
189,49,8577,554,12,5,2,0.29,2371,0,Single,Neutral,6172,0.95,0
190,24,5227,797,2,25,3,0.77,4964,1,Married,Negative,4553,0.84,1
191,68,1600,670,12,4,5,0.12,1191,1,Single,Positive,4437,0.63,1
192,39,2065,835,1,27,5,0.42,687,0,Single,Neutral,4463,0.33,1
193,45,3136,698,10,29,1,0.8,309,1,Single,Negative,5442,0.28,1
194,19,7943,633,3,8,4,0.61,1502,0,Single,Negative,6397,0.41,1
195,59,8804,780,2,4,1,0.34,3127,1,Married,Positive,9474,0.53,1
196,62,7565,837,12,17,5,0.73,4568,1,Single,Neutral,1616,0.37,1
197,74,6984,710,0,25,2,0.61,3367,0,Divorced,Neutral,2250,0.56,1
198,70,6142,821,2,19,2,0.82,3395,1,Married,Negative,4527,0.25,1
199,23,5670,587,11,8,1,0.76,813,1,Single,Neutral,6245,0.98,1
200,45,3190,775,1,16,5,0.65,845,1,Married,Positive,5564,0.2,1
201,45,3712,691,7,26,2,0.54,1164,1,Divorced,Negative,6438,0.94,1
202,61,3192,841,5,16,5,0.22,4762,1,Single,Negative,3897,0.92,1
203,61,2248,700,8,11,2,0.34,1767,1,Divorced,Positive,8765,0.57,1
204,37,5033,663,7,6,5,0.48,354,1,Single,Negative,1859,0.75,1
205,47,2997,786,9,26,3,0.64,1872,1,Divorced,Neutral,9783,0.49,1
206,28,4687,615,2,2,5,0.56,2024,0,Single,Neutral,5353,0.67,0
207,75,5018,807,4,9,5,0.36,2817,0,Married,Negative,2441,0.41,1
208,72,2970,798,6,1,1,0.11,3832,1,Single,Positive,3648,0.37,1
209,45,9389,729,4,24,3,0.55,4275,1,Married,Positive,8433,0.62,1
210,42,6765,739,7,2,4,0.36,65,0,Single,Neutral,9936,0.55,1
211,56,2202,703,11,15,1,0.76,4915,1,Single,Positive,1785,0.62,1
212,50,9135,745,4,1,4,0.12,4266,0,Divorced,Negative,6974,0.36,1
213,18,6567,811,0,27,2,0.63,4090,0,Divorced,Negative,1270,0.43,1
214,74,8667,692,4,23,4,0.95,2521,0,Divorced,Neutral,2343,0.18,1
215,44,6742,650,3,9,5,0.26,2581,1,Single,Neutral,573,0.15,1
216,74,6788,793,5,5,4,0.52,1390,1,Single,Neutral,2160,0.33,1
217,69,6408,561,2,21,1,0.18,1130,1,Single,Positive,4849,0.17,0
218,30,9669,788,10,25,1,0.66,2486,0,Married,Negative,7602,0.19,1
219,58,1922,598,4,10,4,0.6,834,0,Married,Negative,8500,0.83,0
220,20,1419,591,1,22,1,0.47,226,0,Single,Negative,9511,0.13,0
221,56,3204,715,10,6,1,0.57,3515,1,Divorced,Neutral,4318,0.69,1
222,23,2120,631,5,26,4,0.91,4537,0,Divorced,Negative,831,0.35,1
223,25,1950,840,12,28,3,0.28,2443,0,Divorced,Positive,1921,0.88,1
224,44,3336,707,11,14,3,0.12,727,1,Single,Positive,8012,0.54,1
225,26,6373,765,5,5,2,0.88,3686,0,Divorced,Negative,7390,0.38,1
226,54,3243,707,4,19,1,0.62,3622,0,Single,Neutral,5431,0.57,1
227,50,3645,683,5,26,4,0.9,1036,1,Married,Negative,6525,0.44,1
228,68,5612,616,10,8,1,0.64,1832,1,Divorced,Positive,4908,0.61,1
229,59,2865,556,6,21,5,0.83,2740,0,Married,Positive,5613,0.2,0
230,61,7028,563,11,19,1,0.49,492,1,Divorced,Positive,8919,1.0,0
231,41,8326,622,4,11,1,0.77,1548,0,Single,Negative,3381,0.48,1
232,32,7371,712,0,18,3,0.92,1143,1,Single,Positive,3365,0.41,1
233,71,7359,615,7,19,4,0.61,3957,0,Single,Neutral,3075,0.74,1
234,49,8863,679,3,2,1,0.26,3407,1,Single,Negative,6685,0.43,1
235,49,4228,755,8,14,3,0.34,639,0,Divorced,Negative,9156,0.85,1
236,41,4719,825,9,1,2,0.28,172,1,Married,Positive,6241,0.51,1
237,58,3371,805,11,29,3,0.32,4354,1,Single,Positive,777,0.75,1
238,69,3891,815,5,20,3,0.38,3959,1,Divorced,Neutral,565,0.2,1
239,66,4756,574,0,1,3,0.6,516,1,Married,Negative,4762,0.86,0
240,66,5225,830,2,21,1,0.63,522,1,Single,Positive,6204,0.76,1
241,75,1094,802,2,2,1,0.48,1917,1,Married,Neutral,9094,0.29,1
242,69,3674,838,9,5,2,0.65,2886,1,Single,Positive,8489,0.23,1
243,29,7898,713,11,14,5,0.17,2164,0,Married,Negative,6755,0.38,1
244,56,1793,644,11,26,5,0.18,1929,0,Married,Positive,7941,0.98,1
245,19,3116,819,3,9,5,0.25,3945,1,Single,Negative,5192,0.33,1
246,20,6779,659,5,8,2,0.57,2209,1,Divorced,Positive,4919,0.51,1
247,66,7166,787,6,0,5,0.29,3783,0,Married,Negative,8460,0.13,1
248,54,1814,574,9,15,5,0.35,2590,0,Single,Neutral,6578,0.46,0
249,66,1345,690,3,5,3,0.46,4934,1,Married,Negative,1937,0.61,1
250,73,9554,666,5,8,1,0.83,4076,0,Married,Neutral,9120,0.96,1
251,34,3443,574,10,26,1,0.11,1093,0,Divorced,Negative,7532,0.57,0
252,66,8783,628,0,3,3,0.68,3880,1,Married,Neutral,6231,0.84,1
253,19,1984,617,7,26,3,0.7,2494,1,Married,Positive,3878,0.59,1
254,19,8790,722,6,27,3,0.82,2579,1,Single,Negative,9084,0.14,1
255,45,1827,561,10,1,1,0.94,2488,0,Single,Positive,6847,0.38,0
256,71,4531,837,10,28,5,0.12,2785,1,Divorced,Neutral,6901,0.62,1
257,40,8147,677,8,3,3,0.24,2758,1,Married,Negative,7129,0.96,1
258,54,5451,645,2,0,2,0.9,1574,0,Married,Negative,5041,0.87,1
259,49,4876,641,1,18,3,0.51,2373,1,Married,Positive,8376,0.31,1
260,50,6959,690,0,25,4,0.61,3990,0,Divorced,Negative,9033,0.3,1
261,18,1126,580,2,24,3,0.7,4845,0,Married,Negative,8824,0.28,0
262,36,4177,569,4,9,1,0.71,1093,0,Single,Positive,764,0.93,0
263,19,9795,695,10,20,3,0.94,1189,0,Divorced,Negative,1934,0.87,1
264,70,7024,709,1,14,4,1.0,2689,0,Single,Positive,5827,0.8,1
265,61,6109,592,11,26,2,0.75,4095,0,Single,Positive,5597,0.45,1
266,43,5146,803,2,21,5,0.36,1875,1,Divorced,Positive,2160,0.55,1
267,49,8196,679,3,18,3,0.89,3406,1,Single,Positive,6192,0.52,1
268,23,4368,609,6,15,4,0.14,1787,1,Married,Positive,2854,0.33,1
269,49,4797,700,12,20,4,0.31,3932,0,Divorced,Neutral,8957,0.55,1
270,72,2792,836,2,26,2,0.91,1607,1,Single,Neutral,6961,0.13,1
271,21,6732,554,8,23,1,0.33,3748,0,Married,Positive,9828,0.22,0
272,72,4476,815,7,21,3,0.3,48,1,Married,Neutral,7544,0.9,1
273,28,4417,679,3,3,4,0.22,3861,0,Single,Neutral,5997,0.78,1
274,73,2645,816,12,1,2,0.87,2180,1,Married,Negative,5049,0.48,1
275,34,4030,727,0,29,5,0.55,3046,0,Divorced,Positive,6834,0.57,1
276,55,3872,802,0,24,4,0.71,2833,1,Single,Neutral,6510,0.43,1
277,41,4072,605,0,12,2,0.32,1397,0,Married,Negative,5426,0.77,0
278,22,2854,632,0,27,1,0.78,3826,1,Married,Negative,9804,0.81,1
279,69,5021,648,7,0,1,0.78,4574,0,Single,Positive,6565,0.79,1
280,51,5662,698,2,16,4,0.38,831,1,Single,Positive,2679,0.75,1
281,23,7514,705,5,12,4,0.47,2697,1,Single,Negative,5467,0.28,1
282,39,6031,739,2,3,3,0.29,4777,1,Single,Positive,1134,0.4,1
283,28,3708,812,10,6,2,0.98,2735,0,Divorced,Positive,4131,0.52,1
284,65,8112,629,4,16,4,0.68,81,0,Single,Negative,5177,0.4,1
285,33,9393,801,12,8,3,0.94,86,0,Divorced,Negative,2718,0.78,1
286,50,4507,646,12,3,3,0.37,2063,0,Divorced,Positive,1889,0.4,1
287,26,7456,809,6,18,4,0.8,821,0,Single,Neutral,4776,0.22,1
288,23,5212,809,1,0,1,0.79,162,1,Divorced,Positive,1749,0.46,1
289,33,8970,652,5,9,2,0.72,3739,0,Single,Neutral,8140,0.98,1
290,46,9766,589,12,3,2,0.97,2397,1,Single,Negative,6212,0.3,1
291,20,1536,822,5,8,1,0.45,1932,1,Married,Neutral,1745,0.65,1
292,37,2625,650,10,12,4,0.22,2728,0,Single,Negative,8745,0.49,1
293,53,8973,770,2,13,2,0.7,3535,1,Married,Positive,942,0.16,1
294,36,9577,673,5,9,4,0.76,3446,0,Divorced,Positive,7476,0.54,1
295,43,9070,780,9,5,4,0.62,2790,0,Married,Negative,5175,0.73,1
296,20,9666,727,9,15,3,0.29,2707,0,Divorced,Negative,8453,0.56,1
297,36,9609,612,4,5,1,0.55,3933,1,Single,Negative,4877,0.88,1
298,37,7490,665,11,16,4,0.38,3385,0,Divorced,Positive,7558,0.36,1
299,49,4600,740,1,9,5,0.48,922,0,Divorced,Positive,1322,0.18,1
300,24,7783,611,8,17,1,0.68,2175,0,Single,Neutral,3439,0.94,1
301,69,5971,805,7,26,2,0.77,1582,1,Divorced,Negative,7596,0.44,1
302,58,2205,556,2,21,3,0.31,564,0,Single,Neutral,6265,0.62,0
303,50,2990,704,7,17,2,0.46,3258,1,Married,Positive,1531,0.81,1
304,57,6299,641,8,2,2,0.34,2597,1,Single,Neutral,1062,0.39,1
305,56,4572,563,2,19,1,0.28,2500,0,Single,Neutral,840,0.74,0
306,35,6975,778,2,26,2,0.81,4566,1,Divorced,Positive,5067,0.22,1
307,57,7320,635,1,20,4,0.92,987,1,Married,Positive,8362,0.36,1
308,18,5380,682,7,30,2,0.43,3636,0,Single,Negative,2796,0.23,1
309,28,5757,732,9,24,3,0.78,223,0,Married,Neutral,734,0.83,1
310,45,3713,611,0,27,3,0.91,350,0,Married,Positive,5702,0.3,0
311,74,6588,768,7,14,5,0.86,1928,1,Divorced,Positive,9808,0.75,1
312,42,1966,795,6,14,3,0.26,348,0,Single,Neutral,1791,0.95,1
313,67,5944,779,6,3,2,0.96,4277,1,Divorced,Positive,5227,0.57,1
314,40,4432,628,2,28,3,0.44,4732,1,Single,Negative,9220,0.59,1
315,48,1688,698,0,26,1,0.41,1017,1,Married,Negative,3439,0.51,1
316,47,5243,687,3,8,3,0.16,2226,1,Single,Neutral,5935,0.39,1
317,59,4701,614,8,26,4,0.54,4867,1,Single,Negative,7481,0.53,1
318,52,9533,562,4,25,1,0.2,4124,0,Married,Positive,5892,0.64,0
319,24,6182,762,0,18,5,0.32,2419,0,Married,Positive,8472,0.99,1
320,33,7704,791,4,23,4,0.39,1893,1,Single,Positive,1733,0.94,1
321,43,5422,762,12,27,2,0.83,3040,1,Divorced,Positive,3300,0.88,1
322,65,2759,730,7,16,2,0.89,2068,0,Single,Neutral,3275,0.9,1
323,74,3482,722,7,10,2,0.37,1125,0,Married,Negative,6544,0.52,1
324,69,9058,709,4,24,4,0.87,3117,1,Divorced,Negative,3987,0.69,1
325,66,1951,713,11,8,4,0.87,4161,1,Married,Positive,7883,0.91,1
326,19,9914,737,8,9,4,0.79,4042,0,Married,Neutral,4350,0.45,1
327,18,3079,740,0,17,1,0.23,4433,0,Divorced,Positive,5497,0.97,1
328,65,3717,805,3,19,1,0.72,2170,1,Married,Positive,1390,0.47,1
329,29,5524,732,2,12,2,0.95,446,0,Married,Neutral,6420,0.64,1
330,22,9477,666,1,7,3,0.71,2658,0,Married,Neutral,1688,0.74,1
331,54,8311,831,7,6,2,0.4,3362,1,Married,Positive,6144,0.96,1
332,49,8186,745,6,16,5,0.55,2718,1,Married,Negative,1240,0.32,1
333,72,3065,583,8,20,1,0.68,3483,1,Married,Positive,1869,0.77,0
334,26,1768,601,1,22,4,0.56,2944,0,Married,Negative,2500,0.57,0
335,58,6490,661,3,14,1,0.21,4376,1,Married,Negative,1971,0.34,1
336,52,7645,801,5,19,4,0.38,595,0,Married,Neutral,2036,0.8,1
337,36,6083,631,10,14,5,0.82,1986,1,Single,Neutral,818,0.6,1
338,65,6232,781,2,30,5,0.88,2750,1,Single,Positive,5653,0.69,1
339,33,6797,776,7,0,1,0.22,1074,0,Married,Negative,2394,0.39,1
340,20,5926,782,2,24,4,0.96,3969,0,Single,Negative,8491,0.53,1
341,37,7016,770,11,13,5,0.4,4305,1,Divorced,Positive,9967,0.66,1
342,41,4335,591,12,4,2,0.7,4221,1,Single,Positive,9092,0.46,1
343,71,9038,570,12,10,2,0.78,4587,0,Married,Positive,6435,0.28,0
344,73,5873,591,1,15,4,0.83,3580,1,Married,Neutral,1223,0.97,0
345,50,2481,662,12,1,1,0.95,3007,0,Single,Positive,2829,0.56,1
346,41,7305,654,12,7,5,0.38,969,0,Married,Positive,9827,0.76,1
347,69,4451,741,2,10,1,0.87,580,1,Divorced,Negative,3270,0.47,1
348,28,1054,566,10,28,2,0.22,2824,0,Divorced,Positive,8045,0.42,0
349,66,8643,669,5,17,5,0.73,4001,0,Married,Negative,5346,0.47,1
350,25,4462,678,1,2,1,0.77,1211,0,Divorced,Negative,767,0.47,1
351,53,1832,679,7,29,3,0.71,229,1,Divorced,Neutral,1069,0.59,1
352,55,6954,609,0,25,4,0.33,4284,0,Single,Positive,2473,0.59,0
353,57,9519,597,6,0,4,0.89,3185,1,Divorced,Positive,9237,0.55,0
354,37,8221,578,1,10,3,0.25,501,1,Single,Negative,3322,0.22,0
355,52,4310,646,9,15,2,0.15,2132,1,Married,Neutral,4960,0.55,1
356,65,4300,559,11,17,5,0.75,48,0,Single,Neutral,770,0.25,0
357,42,7722,791,5,29,4,0.53,3566,0,Married,Positive,8141,0.21,1
358,52,8218,781,11,15,3,0.86,3055,1,Married,Negative,9430,0.94,1
359,42,8776,826,1,22,3,0.45,688,1,Married,Positive,7180,0.64,1
360,46,4675,833,1,9,2,0.25,386,0,Married,Positive,1757,0.69,1
361,35,4054,752,9,17,2,0.85,969,1,Married,Positive,8750,0.46,1
362,63,8970,796,12,5,1,0.59,3460,1,Single,Positive,5870,0.92,1
363,35,3143,839,7,30,4,0.27,1005,0,Married,Negative,5358,0.67,1
364,19,6207,813,11,18,1,0.75,3052,1,Divorced,Neutral,9081,0.79,1
365,71,3538,763,1,3,3,0.56,3417,0,Divorced,Positive,9410,0.43,1
366,52,5547,749,6,26,5,0.64,2302,0,Married,Positive,7499,0.96,1
367,33,6619,628,2,30,5,0.51,2283,1,Divorced,Positive,620,0.84,1
368,58,9356,722,7,12,2,0.85,1607,0,Single,Positive,7408,0.87,1
369,53,7612,618,6,23,5,0.85,4366,0,Single,Neutral,2803,0.25,1
370,50,6005,636,7,13,5,0.74,122,0,Married,Neutral,5361,0.34,1
371,21,1822,650,6,2,5,0.19,1280,1,Married,Neutral,3411,0.36,1
372,50,1943,557,10,9,3,0.85,3727,1,Married,Neutral,9491,0.34,0
373,31,7150,749,5,5,5,0.7,258,1,Divorced,Positive,7736,0.87,1
374,38,5425,636,12,0,5,0.73,947,0,Divorced,Negative,6065,0.13,1
375,65,9966,592,6,22,5,0.43,4958,0,Single,Neutral,7031,0.17,0
376,37,3198,658,4,23,1,0.89,524,1,Divorced,Neutral,1609,0.35,1
377,73,5242,701,6,26,3,0.75,887,1,Single,Positive,7429,0.28,1
378,25,4695,566,0,13,2,0.2,207,0,Divorced,Positive,1750,0.31,0
379,24,4452,682,0,7,1,0.47,3382,1,Single,Positive,8677,0.82,1
380,20,2308,697,8,18,4,0.9,2794,1,Married,Positive,2149,0.61,1
381,34,5177,826,4,13,3,0.14,148,1,Divorced,Negative,7851,0.11,1
382,50,9705,781,12,9,3,0.97,437,1,Single,Negative,6411,0.49,1
383,65,7852,777,4,16,4,0.71,2202,1,Divorced,Neutral,3456,0.47,1
384,29,7035,688,2,8,4,0.67,3749,0,Married,Negative,6328,0.2,1
385,68,4594,760,4,28,4,0.34,3161,1,Single,Neutral,5494,0.71,1
386,39,5841,577,2,5,2,0.32,3901,1,Divorced,Neutral,6936,0.73,0
387,72,2409,600,8,10,5,0.95,4453,0,Divorced,Negative,9176,0.75,1
388,39,5566,810,8,24,3,0.37,3245,0,Married,Neutral,8114,0.76,1
389,63,5491,810,5,6,5,0.8,4551,0,Married,Positive,9494,0.1,1
390,47,2555,557,0,16,5,0.45,2823,0,Single,Neutral,2215,0.96,0
391,55,1804,687,6,27,4,0.23,4724,1,Divorced,Positive,8650,0.83,1
392,55,2279,587,6,27,2,0.11,3270,1,Divorced,Negative,3983,0.91,0
393,62,8083,660,9,0,1,0.59,485,1,Married,Negative,8175,0.11,1
394,68,6986,769,9,21,2,0.98,199,1,Married,Neutral,2257,0.94,1
395,71,6619,772,3,4,5,0.43,4466,0,Single,Positive,2309,0.83,1
396,25,2387,685,7,8,2,0.42,1982,0,Divorced,Neutral,6039,0.85,1
397,44,3679,805,5,17,4,0.41,1471,1,Divorced,Negative,6548,0.18,1
398,44,3106,598,3,23,1,0.57,4343,1,Single,Neutral,1651,0.76,0
399,51,9173,841,3,26,4,0.5,4883,1,Single,Neutral,5992,0.96,1
400,38,5223,627,1,20,1,0.89,2311,1,Married,Positive,7211,0.71,1
401,47,5831,654,1,1,5,0.55,3373,0,Married,Negative,6802,0.61,1
402,50,3768,718,11,28,1,0.56,2078,1,Single,Neutral,5247,0.95,1
403,45,4186,766,3,25,1,0.22,1521,0,Single,Positive,8902,0.5,1
404,64,3573,668,4,10,1,0.98,604,0,Divorced,Neutral,5181,0.64,1
405,50,3599,739,7,26,2,0.32,3848,0,Single,Positive,3007,0.53,1
406,22,5033,804,5,27,2,0.17,3342,0,Single,Positive,3463,0.94,1
407,65,9428,815,3,5,5,0.7,1417,1,Divorced,Neutral,3928,0.17,1
408,36,2304,698,12,25,1,0.64,4597,1,Single,Negative,7994,0.55,1
409,21,8368,713,10,7,3,0.47,3875,1,Married,Negative,4455,0.72,1
410,52,6877,689,6,3,5,0.48,2933,1,Married,Positive,4205,0.81,1
411,66,2301,807,7,17,1,0.81,548,0,Divorced,Negative,4538,0.62,1
412,34,3541,818,1,27,1,0.28,838,0,Single,Positive,9744,0.92,1
413,61,3051,730,11,10,2,0.84,3815,0,Married,Negative,1213,0.95,1
414,45,7809,709,6,4,5,0.68,847,1,Married,Neutral,7760,0.16,1
415,47,9633,837,1,14,1,0.48,4709,0,Married,Negative,7511,0.46,1
416,46,9996,837,1,27,1,0.51,4507,0,Married,Positive,9379,0.12,1
417,63,1074,775,7,17,5,0.33,4773,0,Single,Positive,9021,0.4,1
418,70,7981,560,1,1,3,0.78,4254,0,Single,Negative,2246,0.58,0
419,23,6475,559,10,30,5,0.56,4468,1,Single,Neutral,1707,0.92,0
420,52,9232,820,8,21,5,0.39,2272,0,Single,Positive,1284,0.86,1
421,58,8184,822,11,10,3,0.64,3320,0,Married,Positive,3196,0.21,1
422,54,6796,732,0,25,5,1.0,2558,1,Divorced,Positive,7573,0.18,1
423,41,8141,702,8,24,1,0.49,4698,1,Divorced,Positive,5536,0.63,1
424,46,2622,673,0,12,5,0.93,4311,1,Married,Positive,7627,0.58,1
425,66,9041,663,9,3,3,0.41,1996,0,Married,Neutral,4218,0.34,1
426,63,1341,827,12,21,4,0.15,3673,0,Divorced,Negative,6275,0.91,1
427,70,3074,762,9,6,5,0.28,1564,0,Divorced,Neutral,8410,0.93,1
428,48,8992,721,1,28,2,0.48,4018,0,Married,Neutral,3193,0.46,1
429,52,1645,837,5,10,1,0.3,1840,1,Married,Positive,1125,0.9,1
430,50,5263,723,5,21,1,0.1,3291,0,Single,Neutral,4208,0.45,1
431,69,9801,662,0,23,2,0.92,2887,0,Single,Positive,7359,0.76,1
432,38,7136,671,6,3,2,0.86,726,1,Divorced,Neutral,9453,0.53,1
433,49,9646,581,7,27,5,0.77,1244,1,Married,Positive,8192,0.21,0
434,40,3969,771,1,14,2,0.25,3460,1,Divorced,Positive,6898,0.94,1
435,50,4028,668,7,0,4,0.21,3718,0,Single,Neutral,7752,0.51,1
436,20,8643,588,8,22,3,0.16,1065,0,Single,Neutral,2055,0.76,1
437,35,3681,817,5,2,2,0.75,4771,0,Divorced,Negative,9367,0.43,1
438,42,4629,782,4,13,2,0.94,282,0,Single,Negative,4687,0.12,1
439,59,5225,567,11,5,4,0.49,1081,0,Married,Negative,8267,0.19,0
440,48,4067,698,8,17,1,0.21,3885,1,Divorced,Neutral,536,0.55,1
441,71,6941,698,12,24,1,0.56,2881,1,Married,Neutral,2287,0.72,1
442,75,2386,675,11,0,5,0.41,2584,0,Married,Positive,6783,0.4,1
443,20,3866,787,10,5,4,0.44,2970,0,Single,Negative,8560,0.73,1
444,57,5788,684,8,5,3,0.66,1152,0,Married,Positive,8565,0.73,1
445,63,6490,700,0,20,3,0.75,3497,0,Divorced,Positive,4380,0.73,1
446,41,5124,785,10,15,4,0.2,947,0,Married,Positive,6432,0.54,1
447,67,9340,773,2,28,3,0.13,4760,1,Married,Positive,8828,0.92,1
448,49,4850,752,8,4,1,0.99,1717,1,Married,Negative,6833,0.54,1
449,64,6415,805,10,16,3,0.31,66,1,Married,Positive,6259,0.51,1
450,39,8679,635,1,9,3,0.15,636,0,Married,Neutral,6985,0.28,1
451,40,7819,699,11,27,4,0.27,313,0,Single,Neutral,5567,0.38,1
452,19,9378,784,3,20,4,0.14,3397,1,Divorced,Neutral,1161,0.14,1
453,44,2333,571,3,17,3,0.45,564,1,Single,Negative,8473,0.67,0
454,59,5150,834,1,6,2,0.82,1601,0,Divorced,Positive,6886,0.32,1
455,19,7766,818,2,2,4,0.41,825,1,Divorced,Negative,8387,0.37,1
456,43,3711,807,12,12,5,0.5,3670,1,Divorced,Positive,914,0.79,1
457,34,5853,578,2,14,5,0.71,1025,0,Divorced,Negative,7350,0.39,0
458,57,7212,762,0,19,1,0.56,2251,1,Divorced,Negative,9034,0.32,1
459,50,8479,832,5,18,3,0.88,4757,1,Married,Positive,3229,0.25,1
460,26,6408,599,7,2,2,0.88,804,1,Single,Negative,4397,0.8,1
461,60,8715,644,11,3,1,0.11,2451,0,Single,Positive,2669,0.22,1
462,71,9942,637,2,4,3,0.8,4631,1,Married,Neutral,2378,0.51,1
463,65,2762,593,4,0,4,0.51,1391,1,Divorced,Neutral,6954,0.56,0
464,56,8101,827,0,3,5,0.99,1235,1,Single,Neutral,5070,0.72,1
465,46,8674,720,9,11,2,0.53,4032,0,Married,Negative,2015,0.67,1
466,59,7122,738,6,27,5,0.99,3280,0,Married,Neutral,1074,0.83,1
467,72,1481,733,9,26,4,0.78,4723,1,Single,Positive,3367,0.14,1
468,43,1153,552,12,23,3,0.32,4844,0,Single,Neutral,4044,0.37,0
469,52,8617,740,0,9,4,0.58,3549,1,Divorced,Neutral,4977,0.35,1
470,67,2524,667,11,22,4,0.99,4200,0,Divorced,Negative,571,0.23,1
471,42,3120,568,10,24,5,0.87,4141,0,Single,Positive,3480,0.36,0
472,41,3343,572,8,20,2,0.19,1354,1,Divorced,Negative,9809,0.38,0
473,30,6136,579,7,28,4,0.74,1836,1,Married,Negative,5992,0.57,0
474,75,6760,844,6,30,5,0.41,2892,1,Divorced,Positive,5259,0.7,1
475,24,2240,657,9,25,2,0.11,2496,0,Divorced,Negative,8584,0.44,1
476,74,1060,830,6,19,3,0.46,2583,1,Married,Positive,539,0.75,1
477,53,2639,677,4,23,3,0.31,2558,0,Divorced,Neutral,5873,0.4,1
478,62,7185,778,4,24,1,0.84,3618,0,Married,Positive,8065,0.36,1
479,37,8970,660,10,12,5,0.4,1559,1,Divorced,Positive,2400,0.59,1
480,18,2252,685,12,22,2,0.84,1507,0,Single,Positive,2717,0.12,1
481,25,5203,735,4,13,4,0.1,4071,1,Divorced,Negative,5296,0.17,1
482,63,9363,693,0,22,3,0.38,2063,0,Single,Positive,5106,0.48,1
483,33,4549,621,7,4,2,0.32,3642,1,Single,Positive,1783,0.95,1
484,31,5197,678,11,3,5,0.31,2000,0,Single,Positive,9275,0.75,1
485,29,8009,810,10,13,1,0.16,1294,0,Single,Neutral,9150,0.18,1
486,68,7667,552,0,9,3,0.27,4065,1,Single,Positive,1315,0.86,0
487,40,3322,653,3,16,2,0.6,2752,0,Married,Negative,3011,0.76,1
488,32,5090,773,8,9,2,0.36,1753,1,Married,Positive,746,0.65,1
489,45,7960,559,8,25,2,0.48,4210,0,Married,Positive,5325,0.84,0
490,51,4004,780,4,6,5,0.44,1603,0,Single,Neutral,7016,0.46,1
491,19,6136,768,3,15,5,0.89,1322,0,Divorced,Positive,916,0.3,1
492,49,1329,615,2,0,5,0.91,2441,1,Married,Negative,7202,0.56,0
493,40,4640,661,2,16,4,0.54,1098,1,Divorced,Positive,4217,0.59,1
494,39,8982,562,11,20,2,0.4,1505,1,Divorced,Negative,607,0.58,0
495,68,5107,635,4,28,3,0.2,1126,1,Single,Neutral,9530,0.61,1
496,42,2341,783,9,8,5,0.96,296,1,Single,Positive,5013,0.95,1
497,75,9407,639,0,5,5,0.15,3049,0,Single,Neutral,1921,0.91,1
498,39,1338,603,4,18,2,0.37,2225,0,Married,Positive,7783,0.89,0
499,75,6895,561,5,12,5,0.37,4354,1,Single,Negative,755,0.82,0
500,75,3708,758,6,2,4,0.39,3787,0,Married,Neutral,7748,0.95,1
501,39,2750,563,11,6,4,0.25,2096,0,Married,Positive,9529,0.19,0
502,66,6604,670,8,21,5,0.8,3609,0,Married,Negative,3462,0.34,1
503,69,3421,569,2,8,2,0.21,2208,0,Married,Neutral,2782,0.55,0
504,59,8119,624,1,21,2,0.67,175,1,Single,Positive,9244,0.86,1
505,23,9901,792,2,4,2,0.21,2502,0,Married,Neutral,8872,0.55,1
506,32,6319,772,11,9,1,0.16,3999,1,Single,Positive,1977,0.77,1
507,71,7609,619,8,22,5,0.92,1667,1,Single,Negative,9262,0.23,1
508,60,6387,760,11,16,2,0.27,4371,0,Married,Negative,5452,0.33,1
509,54,4993,650,6,11,4,0.84,2545,1,Single,Neutral,6380,0.76,1
510,50,9680,735,8,22,3,0.59,675,0,Divorced,Neutral,6092,0.25,1
511,25,9044,681,12,15,3,0.17,1823,0,Single,Positive,7591,0.42,1
512,70,9238,660,1,2,2,0.96,1356,0,Single,Negative,1091,0.34,1
513,61,5873,681,4,29,3,0.32,3072,1,Married,Positive,6777,0.41,1
514,61,5806,569,12,24,3,0.87,3259,1,Married,Negative,2760,0.74,0
515,22,9592,573,3,30,1,0.25,546,1,Single,Neutral,847,0.43,0
516,56,6913,776,1,21,4,0.87,2083,0,Married,Positive,8857,0.6,1
517,21,8124,703,8,8,4,0.11,2040,0,Divorced,Positive,5532,0.19,1
518,23,4157,842,8,28,1,0.56,4534,0,Divorced,Negative,4943,0.82,1
519,62,1390,779,5,14,1,0.79,1752,1,Married,Negative,9274,0.43,1
520,49,5430,751,10,4,3,0.94,1615,0,Single,Negative,7369,0.68,1
521,69,9820,587,5,22,5,0.92,1849,0,Divorced,Neutral,6196,0.75,0
522,47,8686,809,7,12,3,0.84,2642,1,Divorced,Positive,3538,0.29,1
523,64,5232,737,5,13,1,0.9,1600,1,Single,Negative,3345,0.9,1
524,52,9007,606,0,19,4,0.28,3396,1,Married,Neutral,8364,0.65,0
525,72,2521,569,3,14,3,0.36,4402,0,Divorced,Negative,7109,0.49,0
526,57,2500,822,12,15,5,0.36,3605,0,Single,Positive,1765,0.26,1
527,69,7737,668,6,22,3,0.44,3799,0,Single,Negative,2774,0.95,1
528,33,4294,620,12,12,2,0.45,618,1,Divorced,Positive,2970,0.78,1
529,30,6085,553,12,16,3,0.59,1132,1,Married,Neutral,3077,0.29,0
530,67,3419,770,1,22,1,0.24,2115,1,Divorced,Neutral,4160,0.4,1
531,59,4042,563,8,7,4,0.72,2339,1,Single,Negative,1568,0.83,0
532,47,5497,552,7,20,4,0.25,2739,0,Divorced,Positive,6091,0.73,0
533,36,2466,765,7,1,1,0.38,4276,0,Married,Positive,6474,0.79,1
534,34,4561,778,6,4,2,0.55,1487,0,Single,Positive,5329,0.5,1
535,73,1614,735,3,5,1,0.82,1557,0,Married,Negative,2450,0.74,1
536,36,6392,604,1,11,3,0.77,2113,0,Divorced,Positive,8783,0.45,0
537,45,8693,803,2,17,1,0.68,1044,0,Divorced,Positive,3593,0.29,1
538,75,4223,573,11,29,1,0.24,2431,0,Married,Positive,5811,0.67,0
539,72,8138,711,5,21,2,0.59,1582,0,Divorced,Positive,1887,0.98,1
540,43,3667,707,11,21,3,0.18,1308,1,Married,Negative,4774,0.38,1
541,54,8980,631,11,0,5,0.44,4917,1,Divorced,Negative,2785,0.51,1
542,43,1130,708,4,29,5,0.47,601,0,Married,Positive,3706,0.71,1
543,70,3983,737,11,16,4,0.14,1620,1,Married,Positive,3424,0.59,1
544,40,5278,609,7,29,1,0.35,4880,0,Single,Neutral,7545,0.86,1
545,26,8126,760,5,10,4,0.96,4766,0,Single,Neutral,8971,0.79,1
546,29,9230,701,5,9,2,0.96,100,1,Married,Positive,2118,0.15,1
547,70,8694,658,0,18,5,0.42,4271,0,Divorced,Positive,9062,1.0,1
548,18,7640,625,3,13,1,0.14,237,0,Divorced,Neutral,6396,0.78,1
549,75,6468,579,4,25,2,0.26,4025,0,Divorced,Neutral,8343,0.88,0
550,75,1920,666,11,9,2,0.45,2918,0,Married,Positive,7563,0.69,1
551,18,8564,741,10,14,1,0.95,2542,0,Married,Negative,8995,0.87,1
552,64,9684,568,2,27,2,0.23,2003,0,Married,Negative,1848,0.2,0
553,51,9502,722,12,18,1,0.79,1537,0,Married,Positive,6056,0.41,1
554,49,9930,777,8,3,1,0.2,754,1,Single,Positive,5789,0.89,1
555,71,4241,732,0,1,3,0.98,3368,1,Married,Neutral,2922,0.28,1
556,65,1545,662,5,8,4,0.44,2258,0,Divorced,Neutral,4128,0.17,1
557,42,5346,732,5,9,2,0.8,3665,1,Single,Negative,2928,0.81,1
558,57,4810,695,9,27,2,0.41,4235,0,Divorced,Positive,3533,0.85,1
559,62,8206,665,4,10,3,0.66,540,0,Married,Neutral,6657,0.25,1
560,70,3032,662,11,13,3,0.27,269,0,Single,Negative,9360,0.87,1
561,18,9436,800,4,6,3,0.23,3460,0,Married,Negative,9191,0.72,1
562,33,1271,800,9,22,5,0.94,3408,1,Single,Negative,8313,0.57,1
563,56,4511,667,12,14,5,0.93,505,1,Divorced,Neutral,1914,0.85,1
564,22,2771,710,4,21,5,0.9,1129,1,Married,Neutral,7208,0.48,1
565,39,5361,747,5,30,1,0.66,2079,1,Married,Positive,9221,0.27,1
566,46,8069,809,7,18,2,0.83,3145,0,Single,Positive,7135,0.36,1
567,72,1920,697,1,21,4,0.16,3242,1,Single,Negative,4121,0.55,1
568,20,9190,789,5,14,1,0.4,4908,0,Married,Negative,5815,0.58,1
569,29,4430,596,0,29,2,0.38,361,0,Single,Neutral,1254,0.83,0
570,43,5435,747,3,27,2,0.67,3720,1,Married,Neutral,2847,0.81,1
571,33,4760,596,9,23,3,0.42,1456,0,Single,Positive,1226,0.62,1
572,68,3050,627,2,7,3,0.23,4067,1,Divorced,Positive,5423,0.8,1
573,54,2165,673,8,10,1,0.64,4195,1,Single,Positive,3149,0.27,1
574,39,9567,624,2,28,3,0.83,1681,1,Divorced,Neutral,3315,0.15,1
575,74,3033,686,5,8,2,0.44,1052,1,Single,Negative,9566,0.89,1
576,46,7467,639,0,14,3,0.22,2509,1,Single,Positive,3779,0.17,1
577,31,1145,610,11,0,5,0.28,4727,0,Married,Positive,3484,0.32,1
578,45,5388,687,5,29,3,0.31,681,1,Single,Neutral,4307,0.73,1
579,22,8832,599,3,0,2,0.37,3932,1,Single,Positive,8376,0.47,0
580,64,9623,808,7,18,1,0.68,2129,0,Divorced,Negative,6599,0.89,1
581,66,9896,656,12,2,4,0.64,4849,1,Single,Neutral,1107,0.37,1
582,47,9173,662,10,9,3,0.73,4016,1,Married,Positive,6669,0.11,1
583,63,3632,803,8,7,2,0.43,3302,0,Divorced,Positive,8290,0.37,1
584,69,5494,667,3,14,4,0.84,719,0,Married,Neutral,6073,0.62,1
585,22,9056,747,9,9,4,0.28,74,1,Married,Neutral,1134,0.44,1
586,29,8511,600,11,0,5,0.52,1293,0,Married,Positive,1574,0.58,1
587,33,2828,794,9,28,4,0.82,1922,1,Married,Negative,2414,0.89,1
588,43,5805,584,5,17,2,0.26,4157,0,Divorced,Neutral,1088,0.92,0
589,43,1806,618,0,1,2,0.2,4969,1,Single,Negative,3731,0.34,0
590,65,8486,598,3,18,3,0.9,319,1,Married,Positive,6851,0.52,0
591,38,9202,623,6,12,3,0.41,2149,1,Divorced,Negative,4338,0.59,1
592,56,2868,741,11,21,3,0.72,1452,0,Married,Positive,2473,0.95,1
593,53,8878,810,0,0,4,0.12,4969,1,Single,Positive,5544,1.0,1
594,50,6690,619,7,1,4,0.72,1555,0,Divorced,Positive,6603,0.31,1
595,47,8827,639,11,28,5,0.38,4207,1,Divorced,Positive,7183,0.75,1
596,54,6429,809,9,15,3,0.15,3032,1,Single,Negative,6337,0.44,1
597,40,4564,675,11,14,1,0.65,460,1,Divorced,Positive,9943,0.11,1
598,75,2389,780,10,12,5,0.32,886,1,Single,Positive,7283,0.11,1
599,27,8274,844,5,15,1,0.45,3533,1,Divorced,Negative,6094,0.51,1
600,71,1824,678,4,16,4,0.17,3936,0,Divorced,Neutral,4322,0.54,1
601,22,3265,829,9,20,5,0.23,1115,0,Single,Negative,3889,0.12,1
602,53,1936,649,10,28,5,0.37,1075,0,Single,Negative,6414,0.72,1
603,51,7402,846,8,28,2,0.18,3876,1,Divorced,Negative,2280,0.36,1
604,69,4845,731,1,6,4,0.92,4615,1,Divorced,Positive,4188,0.6,1
605,48,2796,723,4,23,4,0.11,4907,0,Single,Positive,7711,0.37,1
606,27,9245,737,5,25,5,0.54,1924,1,Single,Positive,5537,0.25,1
607,75,8214,606,6,16,4,0.21,926,1,Divorced,Neutral,6819,0.47,1
608,36,1726,580,4,6,5,0.38,4652,1,Divorced,Positive,9140,0.31,0
609,75,3736,633,8,12,2,0.93,2281,0,Divorced,Neutral,581,0.58,1
610,49,2913,701,0,4,5,0.25,1055,0,Single,Positive,6778,0.28,1
611,18,8657,585,6,25,4,0.97,4674,0,Divorced,Negative,7499,0.56,0
612,73,3466,762,9,16,4,0.29,541,0,Married,Positive,1906,0.24,1
613,22,8312,655,6,2,5,0.77,2161,0,Single,Neutral,7910,0.7,1
614,62,9194,769,3,6,5,0.59,2251,1,Divorced,Neutral,1980,0.78,1
615,21,8906,712,8,25,5,0.9,1052,1,Single,Positive,9771,0.2,1
616,33,5876,769,11,16,3,0.6,4569,1,Married,Negative,4098,0.52,1
617,41,8287,819,10,6,4,0.58,2744,1,Single,Positive,8493,0.16,1
618,33,1892,669,4,20,4,0.28,3869,0,Divorced,Positive,4683,0.64,1
619,72,5675,731,3,0,3,0.25,5000,0,Married,Positive,4180,0.34,1
620,19,2933,655,12,16,5,0.92,4481,1,Married,Negative,8144,0.57,1
621,66,2380,766,6,29,2,0.4,4157,0,Divorced,Neutral,4810,0.57,1
622,45,2290,754,3,16,5,0.43,4610,1,Divorced,Negative,2258,0.93,1
623,49,2640,619,2,10,5,0.78,4525,1,Divorced,Neutral,3099,0.59,0
624,44,8490,593,8,24,3,0.4,4675,1,Single,Neutral,6116,0.62,1
625,37,2218,777,10,26,4,0.96,1560,1,Single,Neutral,6313,0.46,1
626,41,6016,733,7,28,5,0.76,3762,0,Single,Negative,4353,0.95,1
627,29,7881,656,0,2,4,0.64,1164,1,Divorced,Positive,2792,0.8,1
628,67,1954,633,6,14,1,0.89,2722,0,Divorced,Positive,2001,0.36,1
629,52,8291,799,8,28,4,0.14,2358,1,Single,Positive,8922,0.86,1
630,50,1974,570,7,20,2,0.33,470,1,Married,Positive,8050,0.49,0
631,50,5133,745,7,10,2,0.52,1416,1,Single,Positive,4750,0.85,1
632,68,6370,727,12,25,5,0.3,1468,1,Married,Negative,9890,0.84,1
633,60,4972,556,5,27,4,0.77,808,0,Divorced,Negative,7491,0.27,0
634,54,6295,619,10,15,5,0.93,171,1,Divorced,Negative,614,0.73,1
635,29,9228,676,3,24,3,0.48,4126,0,Single,Negative,4906,0.36,1
636,20,4020,709,7,21,2,0.41,4142,1,Single,Negative,9684,0.37,1
637,18,9987,797,2,27,5,0.97,4225,1,Divorced,Negative,2847,0.37,1
638,50,5036,752,12,8,3,0.5,2399,1,Single,Negative,1541,0.75,1
639,57,6068,697,8,23,5,0.54,1645,0,Divorced,Positive,7427,0.31,1
640,27,6233,692,12,23,4,0.42,57,1,Divorced,Neutral,511,0.1,1
641,60,1317,748,1,0,4,0.92,1129,1,Married,Negative,8480,0.74,1
642,61,3396,703,1,28,4,0.61,1353,1,Single,Neutral,8371,0.25,1
643,46,3162,691,11,24,4,0.79,767,1,Divorced,Negative,6875,0.19,1
644,30,3745,714,12,21,1,0.83,3895,1,Single,Negative,7598,0.31,1
645,29,2591,570,11,15,3,0.41,682,0,Married,Positive,4176,0.44,0
646,48,7183,631,6,8,3,0.49,3454,0,Married,Neutral,6609,0.53,1
647,63,4930,618,11,18,4,0.86,2008,1,Single,Positive,5897,0.14,1
648,19,2312,680,9,11,1,0.43,3142,1,Single,Positive,3565,0.97,1
649,68,5311,636,3,18,4,0.81,1790,0,Divorced,Neutral,2536,0.74,1
650,67,8314,767,9,21,1,0.95,1477,1,Married,Positive,3546,0.39,1
651,52,3383,710,7,8,4,0.66,885,0,Married,Negative,1040,0.39,1
652,40,4239,727,8,6,2,0.77,3906,1,Married,Negative,576,0.5,1
653,34,3139,666,6,13,2,0.82,4492,1,Single,Negative,3567,0.66,1
654,43,2704,745,4,28,5,0.86,1538,0,Divorced,Negative,523,0.23,1
655,25,7924,635,7,18,4,0.46,2073,1,Single,Negative,5634,0.27,1
656,46,1362,838,3,18,3,0.15,312,0,Single,Positive,1175,0.87,1
657,43,3604,630,1,1,5,0.46,810,0,Single,Positive,7168,0.33,1
658,27,5286,701,10,8,2,0.71,2235,0,Divorced,Negative,4767,0.44,1
659,43,4738,610,11,12,4,0.51,2857,1,Single,Negative,6488,0.88,1
660,51,3469,610,5,14,5,0.77,2763,0,Married,Positive,8152,0.7,1
661,68,5795,577,8,2,4,0.42,2032,0,Married,Neutral,9180,0.41,0
662,58,7150,592,0,10,2,0.67,1507,1,Married,Positive,1985,0.72,0
663,24,1556,718,10,20,5,0.27,4545,1,Divorced,Positive,4159,0.12,1
664,21,3808,635,9,13,2,0.77,2570,1,Single,Positive,2919,0.76,1
665,75,6150,726,11,29,1,0.59,1894,1,Divorced,Positive,8240,0.54,1
666,70,8561,566,6,24,2,0.28,2705,1,Single,Positive,7643,0.83,0
667,67,3719,647,9,7,4,0.36,596,1,Married,Neutral,3995,0.96,1
668,62,7506,747,8,17,3,0.77,2147,0,Single,Negative,1256,0.93,1
669,28,4741,647,9,18,2,0.53,615,1,Single,Negative,8948,0.92,1
670,46,4998,614,8,15,3,0.29,947,0,Single,Neutral,2279,0.56,1
671,73,3403,554,9,1,1,0.97,4651,1,Divorced,Negative,6987,0.42,0
672,53,9780,551,10,7,5,0.74,4373,0,Single,Negative,758,0.52,0
673,42,1294,571,12,21,5,0.96,3764,0,Single,Negative,4575,0.72,0
674,38,6343,661,2,5,3,0.48,2013,1,Single,Neutral,8998,0.9,1
675,74,2136,606,10,11,5,0.53,3697,1,Divorced,Neutral,8514,0.29,1
676,53,3064,615,12,14,2,0.91,490,0,Divorced,Negative,1618,0.93,1
677,27,8009,647,4,24,3,0.57,4350,1,Divorced,Negative,8131,0.83,1
678,54,5543,693,7,7,4,0.74,2428,1,Single,Negative,3517,0.98,1
679,26,2007,674,7,3,2,0.33,4987,0,Married,Positive,4841,0.89,1
680,41,6445,716,3,14,2,0.5,541,0,Married,Positive,2158,0.35,1
681,52,6352,635,11,27,2,0.21,1287,0,Married,Positive,8878,0.2,1
682,66,2435,625,10,19,4,0.29,1633,1,Single,Neutral,2297,0.2,1
683,52,1571,843,10,24,1,0.1,4920,1,Married,Negative,9616,0.36,1
684,65,3382,608,0,16,5,0.14,2926,1,Married,Neutral,1284,0.65,0
685,53,6084,687,0,12,3,0.98,1352,1,Married,Neutral,6191,0.82,1
686,35,1277,648,3,17,1,0.32,4376,0,Single,Neutral,3696,0.91,1
687,66,8059,741,5,1,3,0.7,1298,1,Married,Negative,9032,0.66,1
688,56,2887,792,7,12,5,0.86,4868,0,Married,Positive,1062,0.11,1
689,49,2265,598,5,12,4,0.6,3967,1,Single,Negative,5246,0.27,0
690,41,8491,581,11,21,2,0.24,4423,1,Divorced,Negative,3499,0.19,1
691,40,2040,826,8,14,2,0.76,2258,0,Married,Neutral,1693,0.43,1
692,49,9073,569,8,19,4,0.64,4647,1,Divorced,Neutral,568,0.55,0
693,54,3752,703,1,28,1,0.76,2073,1,Married,Neutral,6179,0.14,1
694,29,9213,617,9,26,1,0.79,701,0,Single,Positive,2928,0.41,1
695,66,5569,763,0,9,3,0.98,1919,1,Divorced,Positive,6700,0.26,1
696,72,7353,692,1,28,4,0.62,2460,0,Divorced,Positive,5896,0.68,1
697,30,3353,781,4,2,1,0.41,4262,0,Divorced,Negative,7493,0.52,1
698,40,8437,762,3,18,4,0.68,4264,0,Divorced,Neutral,4098,0.55,1
699,42,5799,628,3,2,5,0.16,4324,0,Married,Negative,9535,0.48,1
700,52,1686,763,8,21,2,0.91,366,1,Married,Positive,1073,0.96,1
701,58,9476,665,10,13,2,0.21,527,1,Divorced,Neutral,4714,0.29,1
702,47,5811,641,7,7,2,0.4,4886,1,Married,Positive,8136,0.56,1
703,34,9954,819,5,26,4,0.83,3718,0,Divorced,Neutral,1978,0.76,1
704,66,6346,717,0,22,4,0.64,3609,1,Divorced,Neutral,6627,0.6,1
705,37,6043,607,1,29,3,0.45,3935,1,Single,Negative,9660,0.94,0
706,65,3428,833,5,3,2,0.53,4619,1,Divorced,Negative,7176,0.44,1
707,42,6126,575,10,26,3,0.87,2153,1,Married,Positive,2696,0.52,0
708,39,9220,615,1,27,2,0.41,1908,0,Divorced,Negative,8666,0.18,1
709,30,8813,797,12,19,3,0.88,3012,0,Single,Negative,9346,0.65,1
710,36,4356,803,9,10,3,0.18,4228,1,Married,Negative,6550,0.36,1
711,66,9707,593,4,25,5,0.8,3022,0,Single,Neutral,5150,0.24,0
712,53,8266,646,4,30,3,0.86,3483,1,Single,Negative,8984,0.59,1
713,29,7540,591,5,10,4,0.26,2720,1,Divorced,Positive,5026,0.58,0
714,58,1038,776,5,26,3,0.49,1770,1,Single,Neutral,4912,0.17,1
715,36,4342,811,5,29,2,0.25,4113,0,Single,Neutral,5943,0.73,1
716,29,3844,716,1,10,3,0.74,1777,1,Married,Negative,9287,0.66,1
717,26,2098,828,9,1,1,0.58,4212,0,Single,Neutral,3093,0.27,1
718,24,8027,638,12,29,2,0.67,797,0,Divorced,Positive,9607,0.52,1
719,45,2823,727,2,16,1,0.28,3215,1,Divorced,Positive,7352,0.75,1
720,31,4155,746,5,8,2,0.29,3788,0,Divorced,Neutral,7129,0.58,1
721,48,4093,816,12,27,4,0.14,2976,0,Single,Negative,4369,0.46,1
722,69,6658,817,7,30,4,0.39,3737,1,Married,Negative,8471,0.39,1
723,36,4778,623,11,27,4,0.6,1711,0,Divorced,Neutral,9667,0.65,1
724,75,3896,557,12,1,1,0.87,752,0,Single,Positive,9767,0.95,0
725,64,1988,846,10,28,5,0.7,2469,1,Divorced,Neutral,8322,0.7,1
726,33,5116,713,11,23,2,0.49,3969,1,Divorced,Negative,3489,0.17,1
727,70,7446,634,0,14,4,0.96,1392,0,Married,Negative,7562,0.51,1
728,22,5179,621,0,15,2,0.75,2605,1,Divorced,Neutral,5840,0.9,0
729,52,2682,604,10,24,1,0.94,677,1,Married,Positive,4323,0.19,1
730,29,6626,596,12,3,5,0.57,105,0,Single,Neutral,4432,0.99,1
731,42,8424,787,1,7,1,0.33,3287,0,Divorced,Positive,9054,0.95,1
732,69,1933,653,10,8,2,0.15,4753,1,Single,Positive,2929,0.17,1
733,38,4598,759,11,25,5,0.75,1946,0,Single,Neutral,7944,0.94,1
734,53,2980,591,11,25,5,0.21,1095,1,Single,Neutral,7647,0.43,1
735,70,4056,817,5,4,1,0.37,1782,1,Divorced,Positive,8131,0.86,1
736,40,9984,812,8,15,4,0.58,4541,0,Married,Positive,4098,0.48,1
737,33,1791,808,3,12,2,0.61,3257,0,Divorced,Positive,4829,0.5,1
738,74,6390,832,2,29,3,0.64,1997,1,Single,Positive,7218,0.67,1
739,56,7635,663,11,6,3,0.25,4869,1,Married,Negative,8718,0.8,1
740,62,3255,589,7,25,1,0.44,1561,1,Single,Neutral,592,0.13,0
741,70,4610,769,10,19,2,0.66,4006,1,Married,Positive,9000,0.63,1
742,59,2607,678,9,16,2,0.97,1675,0,Divorced,Neutral,551,0.27,1
743,75,6179,557,8,2,1,0.75,1122,1,Married,Positive,818,0.41,0
744,56,7573,650,11,4,2,0.93,3981,0,Divorced,Neutral,6188,0.41,1
745,31,1984,725,10,18,4,0.79,1301,0,Single,Neutral,7518,0.52,1
746,48,6776,656,4,11,1,0.63,943,1,Married,Positive,7710,0.4,1
747,75,4676,650,8,28,4,0.27,4550,0,Single,Positive,4456,0.2,1
748,22,4380,809,1,26,2,0.7,945,0,Married,Neutral,6557,0.23,1
749,52,9711,795,2,6,1,0.66,600,1,Divorced,Neutral,7375,0.13,1
750,40,9782,824,6,27,2,0.64,2700,0,Married,Neutral,4931,0.52,1
751,46,2050,581,6,8,1,0.54,4820,0,Married,Negative,2025,0.96,0
752,60,4633,686,5,30,2,0.58,1417,1,Divorced,Positive,7543,0.2,1
753,28,7342,561,5,27,4,0.4,1524,1,Divorced,Negative,1778,0.95,0
754,35,1959,565,1,5,4,0.57,3766,1,Divorced,Negative,9205,0.76,0
755,64,7059,678,9,28,2,0.28,250,1,Married,Positive,6625,0.67,1
756,29,9884,612,5,25,1,0.82,1544,1,Single,Positive,8374,0.68,1
757,26,6655,658,3,16,3,0.27,78,1,Married,Negative,7400,0.84,1
758,27,5473,570,11,15,4,0.18,3123,1,Married,Positive,3000,0.2,0
759,75,3946,707,2,22,4,0.49,897,0,Single,Neutral,3964,0.55,1
760,61,8725,818,12,30,3,0.69,4876,0,Divorced,Neutral,2759,0.73,1
761,34,1526,711,10,2,2,0.49,225,1,Married,Negative,7996,0.63,1
762,55,4224,809,12,20,1,0.35,1209,0,Single,Negative,3159,0.85,1
763,24,2875,651,1,25,2,0.6,4898,0,Divorced,Positive,755,0.17,1
764,63,2763,772,0,3,5,0.41,4837,1,Divorced,Positive,2002,0.72,1
765,30,9712,608,10,9,4,0.94,2178,0,Married,Negative,5156,0.58,1
766,57,6797,796,10,4,5,0.93,2679,1,Divorced,Negative,5930,0.44,1
767,59,8099,677,4,20,4,0.55,2885,0,Divorced,Neutral,9098,0.41,1
768,26,6109,832,1,21,4,0.4,2806,1,Single,Neutral,3676,0.66,1
769,67,7644,574,1,29,5,0.76,703,0,Single,Positive,2360,0.9,0
770,44,1116,680,6,9,5,0.13,2544,0,Divorced,Neutral,6658,0.55,1
771,75,3433,745,7,11,2,0.53,2370,0,Single,Positive,6306,0.84,1
772,19,6463,830,12,9,5,0.4,3281,1,Divorced,Positive,4854,0.46,1
773,22,1583,703,9,28,2,0.93,4710,0,Married,Positive,1222,0.19,1
774,46,9586,682,7,12,2,0.11,328,0,Single,Neutral,8079,0.16,1
775,54,4788,776,3,10,2,0.6,4228,1,Divorced,Negative,9974,0.15,1
776,55,5167,738,0,21,4,0.77,4930,1,Divorced,Negative,1113,0.44,1
777,36,9465,814,10,15,4,0.54,120,0,Single,Neutral,3831,0.4,1
778,25,2389,683,6,7,5,0.18,964,0,Single,Negative,6290,0.75,1
779,65,9357,760,0,7,4,0.98,4224,0,Married,Positive,3616,0.77,1
780,62,7154,609,10,26,5,0.57,3675,0,Divorced,Negative,9504,0.15,1
781,18,6420,762,3,24,4,0.65,2076,1,Married,Neutral,830,0.3,1
782,39,9920,765,7,7,1,0.31,332,0,Married,Negative,2712,0.35,1
783,69,3043,775,1,12,1,0.54,3368,0,Married,Positive,9908,0.59,1
784,34,5197,680,5,26,5,0.49,1316,1,Single,Positive,5993,0.23,1
785,24,4496,625,12,1,4,0.17,1196,0,Married,Neutral,7732,0.22,1
786,42,1778,835,5,29,4,0.2,3170,0,Single,Neutral,6114,0.95,1
787,62,1213,826,11,29,2,0.85,1429,0,Single,Neutral,6413,0.82,1
788,21,4762,705,8,11,3,0.32,355,1,Married,Positive,6413,0.26,1
789,53,7731,797,4,9,5,0.28,4234,1,Married,Negative,6111,0.47,1
790,23,4117,767,9,11,3,0.55,1526,0,Divorced,Negative,9932,0.42,1
791,48,6791,739,3,10,3,0.79,3897,0,Married,Neutral,819,0.81,1
792,36,9783,712,4,14,5,0.16,28,1,Divorced,Negative,8585,0.56,1
793,61,3720,729,11,15,4,0.62,1013,0,Married,Negative,4700,0.22,1
794,71,9905,583,11,16,5,0.21,2702,0,Married,Neutral,5291,0.77,1
795,56,7047,590,9,25,3,0.13,827,1,Married,Neutral,829,0.46,1
796,44,9032,624,10,1,4,0.15,4446,1,Married,Positive,9351,0.34,1
797,27,1001,828,4,17,1,0.85,2024,1,Divorced,Positive,7242,0.44,1
798,43,7368,725,7,11,5,0.21,298,0,Divorced,Positive,5416,0.55,1
799,36,2949,699,9,18,5,0.14,1865,0,Married,Positive,2293,0.41,1
800,56,7732,822,11,25,4,0.49,4016,0,Married,Negative,6957,0.32,1
801,20,8833,657,7,22,1,0.86,2111,0,Divorced,Negative,8625,0.46,1
802,62,1917,688,1,17,1,0.34,754,1,Single,Positive,6203,0.12,1
803,30,4174,820,6,29,4,0.48,769,0,Single,Positive,6670,0.8,1
804,67,8014,838,7,16,2,0.14,3735,0,Single,Neutral,7144,0.25,1
805,45,1089,761,10,29,5,0.5,1238,1,Divorced,Negative,7920,0.14,1
806,75,2709,821,5,5,5,0.62,4929,1,Divorced,Negative,4655,0.69,1
807,37,4041,615,4,24,3,0.61,2213,0,Single,Positive,8911,0.8,1
808,45,1105,797,10,14,4,0.4,1906,1,Single,Negative,3111,0.83,1
809,25,9619,705,8,2,3,0.38,1564,1,Married,Neutral,6191,0.54,1
810,58,2895,596,12,5,3,0.2,1218,0,Divorced,Neutral,3093,0.28,1
811,56,7090,750,2,2,1,0.43,4601,0,Divorced,Negative,595,0.76,1
812,18,9508,697,11,29,5,0.19,1357,0,Single,Positive,9680,0.73,1
813,20,7082,673,12,28,3,0.79,3839,0,Single,Negative,9804,0.32,1
814,30,1634,550,12,0,1,0.97,1460,1,Divorced,Neutral,6541,0.91,0
815,45,2925,796,9,29,4,0.97,3985,1,Married,Positive,5563,0.19,1
816,74,3056,677,3,12,3,0.88,1416,0,Single,Negative,8937,0.98,1
817,66,7917,740,8,27,5,0.64,2853,0,Divorced,Positive,3849,0.87,1
818,42,4144,616,5,20,3,0.73,4856,1,Divorced,Positive,8144,0.72,1
819,73,1552,553,7,25,4,0.36,4928,0,Married,Neutral,7060,0.94,0
820,50,9907,843,6,13,3,0.67,1428,0,Married,Positive,5747,0.75,1
821,55,6383,692,10,12,5,0.51,4378,0,Single,Negative,5856,0.27,1
822,70,4911,740,1,26,1,0.53,4474,0,Single,Positive,4577,0.5,1
823,23,4389,570,2,3,5,0.78,4293,1,Single,Positive,5398,0.16,0
824,75,9442,776,0,6,1,0.35,3062,0,Divorced,Negative,1917,0.45,1
825,61,3430,666,8,21,2,0.39,3071,1,Single,Neutral,9346,0.77,1
826,62,1458,691,12,9,5,0.93,555,0,Divorced,Neutral,610,0.45,1
827,49,1207,588,6,6,5,0.15,355,0,Single,Negative,8781,0.4,0
828,62,1899,801,0,20,4,0.54,1563,1,Married,Negative,9454,0.64,1
829,64,1021,756,2,14,3,0.92,3500,0,Married,Neutral,7891,0.88,1
830,38,9601,759,3,14,1,0.65,1040,1,Divorced,Positive,5632,0.14,1
831,33,1894,664,3,3,1,0.59,2686,0,Married,Negative,3004,0.45,1
832,71,1514,774,4,22,4,0.32,4474,0,Divorced,Positive,8789,0.24,1
833,38,8294,683,2,22,4,0.41,4775,0,Divorced,Negative,5739,0.73,1
834,28,5904,800,2,5,3,0.87,2553,0,Married,Neutral,792,0.2,1
835,54,8867,768,0,23,3,0.6,1779,0,Divorced,Positive,2234,0.7,1
836,53,5109,640,6,19,5,0.56,4994,1,Married,Positive,5620,0.36,1
837,52,8179,595,10,25,2,0.19,75,1,Single,Negative,6893,0.28,1
838,36,2560,587,9,4,3,0.11,4326,0,Single,Positive,2696,0.94,0
839,37,2266,691,0,19,4,0.97,3319,0,Married,Negative,3966,0.12,1
840,74,4638,649,1,11,3,0.44,2349,1,Married,Neutral,2406,0.49,1
841,35,9941,739,12,0,1,0.64,2773,1,Married,Positive,2221,0.12,1
842,64,4427,584,3,27,2,0.17,2262,0,Married,Negative,2316,0.54,0
843,58,5780,696,12,7,5,0.71,3229,0,Single,Positive,8944,0.55,1
844,66,2927,579,3,0,1,0.94,2116,1,Divorced,Negative,4727,0.39,0
845,31,3356,633,4,4,1,0.62,392,0,Divorced,Negative,6275,0.22,1
846,32,5790,830,10,30,2,0.21,1108,1,Single,Negative,4349,0.44,1
847,48,1306,819,1,21,5,0.62,4362,0,Divorced,Neutral,5728,0.71,1
848,18,8979,703,3,5,4,0.79,610,1,Single,Positive,7349,0.8,1
849,70,4665,651,0,28,5,0.47,2775,1,Divorced,Neutral,1558,0.58,1
850,71,8057,764,1,20,3,0.89,3998,0,Married,Negative,2822,0.63,1
851,71,1661,699,0,2,1,0.68,672,1,Married,Negative,8878,0.28,1
852,20,5644,632,9,14,3,0.91,3677,0,Married,Neutral,1448,0.36,1
853,33,9503,659,9,4,4,0.66,30,0,Single,Neutral,8679,0.25,1
854,40,3920,824,12,27,3,0.22,1400,0,Single,Positive,4859,0.32,1
855,74,9946,750,3,23,5,0.38,4071,0,Divorced,Negative,6160,0.3,1
856,28,7236,833,3,13,3,0.28,616,1,Divorced,Neutral,7754,0.57,1
857,29,7078,722,6,17,4,0.92,4634,0,Divorced,Negative,8901,0.61,1
858,27,1352,755,9,15,4,0.78,2786,0,Single,Negative,2593,0.95,1
859,49,8005,612,10,5,4,0.71,870,0,Divorced,Positive,2063,0.28,1
860,33,1158,622,10,24,5,0.37,4196,0,Married,Positive,8717,0.68,1
861,25,1956,800,8,23,4,0.27,3604,1,Divorced,Positive,674,0.84,1
862,55,3071,673,8,13,1,0.78,1412,0,Married,Neutral,1834,0.6,1
863,29,9595,670,4,26,4,0.53,2739,1,Single,Negative,821,0.33,1
864,41,4453,824,9,23,3,0.3,940,1,Married,Neutral,6198,0.34,1
865,45,7675,669,0,7,3,0.65,340,1,Married,Neutral,6104,0.14,1
866,70,1955,713,0,30,3,0.14,2908,0,Married,Positive,7242,0.37,1
867,25,7295,835,5,28,5,0.39,4133,0,Single,Negative,7936,0.77,1
868,75,2712,814,1,6,3,0.52,659,0,Single,Negative,9024,0.14,1
869,45,5703,710,7,7,5,0.23,2033,0,Single,Positive,6174,0.3,1
870,53,7563,638,12,12,5,0.99,1560,1,Single,Negative,5502,0.74,1
871,43,6631,691,8,5,4,0.29,3457,1,Divorced,Positive,1410,0.8,1
872,25,2394,752,12,17,1,0.22,1656,0,Single,Neutral,1449,0.51,1
873,75,5732,776,3,1,4,0.28,2975,0,Married,Neutral,5925,0.73,1
874,67,4714,771,4,7,4,0.79,1049,0,Single,Positive,3014,0.45,1
875,45,1529,590,10,10,5,0.48,453,0,Divorced,Neutral,8201,0.24,1
876,45,3958,745,7,0,5,0.61,1704,0,Divorced,Neutral,600,0.46,1
877,54,8904,617,2,21,3,0.12,2784,0,Divorced,Positive,5146,0.62,1
878,58,4591,813,4,28,3,0.13,818,0,Married,Neutral,7445,0.95,1
879,53,7895,551,2,5,4,0.5,4868,1,Single,Negative,2900,0.16,0
880,44,1525,674,11,15,2,0.83,12,1,Single,Neutral,6301,0.56,1
881,71,7477,659,9,26,2,0.9,3979,1,Single,Positive,2843,0.4,1
882,34,1001,635,2,19,3,0.18,920,1,Married,Negative,852,0.56,1
883,26,1374,669,2,11,2,0.58,4920,0,Married,Negative,3455,0.12,1
884,50,5648,676,12,10,3,0.92,2418,0,Divorced,Neutral,1518,0.38,1
885,70,3365,804,11,28,5,0.45,1314,0,Divorced,Negative,1679,0.84,1
886,37,2525,732,6,30,4,0.85,3677,0,Single,Positive,5693,0.6,1
887,30,2646,565,6,26,1,0.22,2017,0,Married,Negative,4036,0.51,0
888,45,1013,611,6,28,4,0.94,1228,1,Married,Neutral,3002,0.36,1
889,65,5599,707,9,9,3,0.78,4792,0,Single,Neutral,4319,0.37,1
890,46,3278,817,7,2,3,0.95,2434,1,Single,Negative,7355,0.44,1
891,30,4155,584,4,12,4,0.71,2868,0,Divorced,Positive,1479,0.85,0
892,63,9321,816,4,26,3,0.43,2515,1,Divorced,Positive,1476,0.97,1
893,52,4814,613,3,2,2,0.94,1438,0,Divorced,Neutral,2780,0.49,0
894,23,4216,599,6,30,2,0.35,4164,1,Single,Neutral,6397,0.45,0
895,35,9219,804,9,14,3,0.4,3543,0,Single,Positive,607,0.86,1
896,68,3113,698,3,15,3,0.73,3175,0,Divorced,Negative,9664,0.48,1
897,22,5356,825,1,28,2,0.79,1781,0,Divorced,Negative,2126,0.6,1
898,64,6543,721,3,12,3,0.94,2263,0,Married,Negative,9395,0.31,1
899,42,5555,750,12,16,3,0.28,1969,1,Married,Negative,6729,0.77,1
900,19,8062,584,12,2,4,0.82,211,0,Divorced,Positive,7377,0.58,1
901,27,4374,765,7,19,1,0.76,507,1,Divorced,Neutral,1374,0.83,1
902,73,7430,614,8,10,2,0.16,331,0,Married,Neutral,6043,0.8,1
903,47,4466,557,2,26,4,0.45,550,1,Divorced,Negative,4309,0.29,0
904,67,4081,625,6,20,1,0.35,941,0,Married,Positive,2607,0.74,1
905,62,1629,723,11,18,3,0.37,727,0,Married,Positive,9965,0.82,1
906,22,1269,596,8,21,3,0.98,4975,1,Married,Negative,1059,0.41,1
907,72,6724,564,10,10,4,0.68,2862,0,Single,Negative,8808,0.26,0
908,73,6897,696,3,29,3,0.75,3243,0,Single,Negative,5469,0.1,1
909,50,4432,575,9,30,5,0.98,648,1,Divorced,Neutral,3546,0.51,0
910,71,7276,642,2,27,4,0.44,2737,0,Married,Negative,543,0.42,1
911,18,6895,781,4,15,1,0.82,2747,1,Single,Neutral,1008,0.6,1
912,35,8115,570,0,20,4,0.49,1009,0,Divorced,Positive,6607,0.27,0
913,49,7656,587,2,2,2,0.88,1550,1,Divorced,Positive,3939,0.87,0
914,64,1575,825,7,21,4,0.26,803,1,Divorced,Neutral,4428,0.33,1
915,66,8029,706,10,5,3,0.95,4080,1,Divorced,Neutral,5911,0.3,1
916,28,7099,728,7,30,3,0.3,4309,1,Divorced,Neutral,1416,0.53,1
917,38,4192,681,12,13,5,0.39,4264,0,Married,Neutral,1298,0.55,1
918,43,4178,577,3,23,5,0.78,3401,0,Divorced,Negative,5471,0.29,0
919,42,7052,809,1,17,5,0.45,4241,1,Married,Positive,2260,0.34,1
920,39,3734,625,12,16,1,0.65,4611,0,Single,Negative,3775,0.25,1
921,44,7116,616,7,3,5,0.5,3161,0,Divorced,Neutral,1318,0.75,1
922,66,4568,743,7,22,1,0.77,4548,0,Single,Negative,5540,0.79,1
923,30,3203,711,9,14,5,0.31,4155,1,Married,Negative,3565,0.52,1
924,50,2390,806,3,10,1,0.15,527,0,Married,Positive,3759,0.74,1
925,51,2742,621,2,25,4,0.37,3298,0,Single,Negative,1406,0.76,1
926,58,2925,636,1,2,4,0.53,1023,1,Divorced,Positive,1102,0.22,1
927,52,1619,811,8,2,3,0.25,3734,0,Divorced,Neutral,4795,0.97,1
928,18,2274,763,0,15,1,0.42,432,1,Single,Negative,4027,0.84,1
929,38,1956,702,6,4,2,0.46,1176,1,Single,Neutral,5043,0.28,1
930,65,2939,759,4,20,3,0.15,400,1,Single,Positive,2311,0.27,1
931,72,4953,610,7,28,4,0.62,2104,0,Divorced,Neutral,9532,0.21,1
932,23,1968,817,3,9,1,0.9,3050,0,Divorced,Neutral,8463,0.22,1
933,45,1281,811,6,18,5,0.24,2233,1,Divorced,Positive,5749,0.77,1
934,34,7262,767,12,24,2,0.64,2445,1,Single,Neutral,5115,0.52,1
935,22,2058,832,4,3,4,0.7,4700,1,Divorced,Neutral,9728,0.8,1
936,48,5293,685,4,28,3,0.48,2835,1,Married,Neutral,9416,0.77,1
937,22,6178,642,8,28,1,0.73,2513,1,Single,Negative,7266,0.64,1
938,55,7980,658,8,30,2,0.47,1773,1,Divorced,Neutral,9679,0.72,1
939,20,2229,790,12,18,1,0.55,1096,0,Single,Positive,1302,0.12,1
940,70,5585,691,8,10,5,0.11,928,1,Married,Negative,3082,0.38,1
941,40,9467,840,11,1,3,0.72,1951,1,Married,Negative,6945,0.67,1
942,54,3740,786,5,9,1,0.7,1973,1,Single,Positive,4337,0.11,1
943,70,3289,726,5,28,4,0.13,1554,0,Single,Neutral,9218,0.13,1
944,54,2239,690,4,10,3,0.43,2778,0,Married,Negative,2165,0.87,1
945,27,6370,738,8,24,4,0.98,4421,0,Single,Negative,9830,0.72,1
946,27,1125,598,9,19,1,0.48,994,0,Married,Negative,9151,0.34,1
947,36,8473,739,7,15,3,0.55,612,1,Married,Neutral,7475,0.72,1
948,34,6342,685,6,18,4,0.92,2593,0,Divorced,Negative,3052,0.81,1
949,38,8351,592,6,22,5,0.75,595,1,Single,Positive,7975,0.38,0
950,31,7638,639,5,23,5,0.62,841,1,Single,Neutral,3308,0.13,1
951,26,7570,844,4,10,1,0.82,4439,1,Divorced,Positive,6133,0.94,1
952,63,4249,794,12,13,3,0.88,858,1,Married,Positive,6596,0.41,1
953,18,8595,741,3,1,2,0.51,444,1,Single,Negative,9323,0.2,1
954,68,7294,655,2,22,3,0.53,1788,1,Divorced,Negative,2956,0.54,1
955,62,7527,782,2,27,5,0.45,4317,0,Divorced,Negative,9673,0.79,1
956,30,6757,814,5,4,4,0.97,3454,0,Single,Positive,5923,0.3,1
957,21,2969,586,3,30,2,0.73,3952,0,Divorced,Neutral,4817,0.34,0
958,18,1891,590,11,26,1,0.17,4687,0,Married,Negative,2056,0.32,1
959,66,5470,566,11,4,2,0.88,1030,0,Divorced,Negative,2705,0.99,0
960,57,8175,826,5,18,1,0.53,1295,1,Married,Positive,4455,0.28,1
961,49,9320,608,2,20,2,0.16,2063,0,Married,Neutral,9613,0.62,0
962,51,7812,732,3,11,1,0.59,1447,0,Single,Positive,7305,0.93,1
963,45,8519,590,8,17,1,0.48,2045,0,Divorced,Negative,904,0.23,0
964,48,5612,588,4,3,2,0.89,4619,1,Married,Positive,2120,0.97,0
965,25,2198,741,12,21,2,0.28,2850,1,Married,Negative,3452,0.95,1
966,56,6238,816,6,16,1,0.84,3824,1,Divorced,Neutral,8580,0.9,1
967,43,7089,696,9,9,5,0.6,2068,0,Married,Positive,3618,0.29,1
968,75,7257,676,1,19,2,0.15,3761,0,Divorced,Negative,7880,0.67,1
969,51,8705,595,4,5,3,0.97,2275,0,Single,Negative,7130,0.78,0
970,71,4719,594,8,24,4,0.56,1808,0,Married,Negative,1065,0.99,1
971,71,1302,550,10,13,1,0.36,1311,0,Married,Negative,5299,0.26,0
972,20,1986,717,2,10,1,0.52,4055,1,Divorced,Positive,8170,0.79,1
973,67,5440,657,8,10,4,0.87,2451,0,Divorced,Negative,3368,0.4,1
974,29,5909,568,10,28,5,0.37,1089,1,Divorced,Positive,9549,0.26,0
975,18,4072,621,5,17,4,0.27,1672,0,Divorced,Negative,9976,0.48,1
976,71,4124,658,3,26,2,0.22,3675,1,Married,Positive,9276,0.81,1
977,61,9125,817,6,22,4,0.37,4532,1,Single,Positive,4827,0.52,1
978,22,4291,789,7,21,1,0.8,4924,1,Single,Negative,6913,0.58,1
979,47,5033,639,5,17,4,0.52,4354,1,Single,Negative,8114,1.0,1
980,47,6105,652,4,23,3,0.3,2003,0,Single,Negative,1745,0.46,1
981,74,1703,799,5,22,2,0.25,4198,0,Divorced,Negative,8743,0.65,1
982,34,9133,557,4,10,4,0.4,4864,0,Married,Neutral,1037,0.43,0
983,65,1574,702,7,20,1,0.95,1124,1,Married,Negative,1040,0.45,1
984,64,6704,723,0,11,2,0.41,1221,0,Married,Negative,1314,0.73,1
985,40,8848,707,10,4,1,0.99,2860,0,Divorced,Negative,1915,0.94,1
986,32,6208,764,6,22,5,0.54,2273,0,Married,Positive,2152,0.59,1
987,54,7924,726,9,8,3,0.26,2990,0,Divorced,Negative,4562,0.79,1
988,38,4828,724,9,26,5,0.9,2510,1,Married,Positive,2856,0.18,1
989,31,4230,695,10,30,3,0.51,236,1,Single,Positive,4310,0.29,1
990,19,1488,710,1,24,4,0.74,1144,0,Divorced,Positive,9555,0.55,1
991,28,8114,676,8,8,2,0.99,3253,0,Married,Positive,685,0.12,1
992,68,4173,631,0,21,4,0.15,3782,0,Single,Neutral,2051,0.33,1
993,56,2667,696,10,9,3,0.19,766,1,Single,Negative,7513,0.57,1
994,55,5114,788,9,21,3,0.75,2681,1,Single,Positive,1261,0.11,1
995,51,4553,633,5,18,3,0.35,2665,1,Divorced,Negative,9971,0.34,1
996,55,8761,662,8,0,1,0.27,1759,0,Divorced,Positive,6663,0.56,1
997,67,2000,774,0,6,2,0.14,3491,1,Married,Neutral,8135,0.62,1
998,51,2388,792,3,3,4,0.12,2815,1,Single,Positive,3781,0.93,1
999,35,6450,692,3,0,4,0.8,3513,1,Married,Negative,2036,0.68,1
1000,47,4712,590,8,14,5,0.22,495,1,Married,Negative,6701,0.47,1
