Employee ID,Job Title,Years in Role,Performance Rating,Promotion,Satisfaction Level,Job Stability,Salary Growth Rate
bf418bab-ad88-4eeb-89df-a85eb623b475,Data Scientist,5,6,Yes,5,No,19.603484885117844
66236163-2fa5-4ea2-85ba-b00a3c1babda,Marketing Manager,1,8,No,5,No,13.137275597956819
20c5aecf-0bc5-49e7-b84c-d177aad77caf,Product Manager,3,10,Yes,2,Yes,9.180045301343734
c1b075f4-102d-469a-9a37-9cdd0ee3ca75,Software Engineer,9,9,No,8,Yes,9.28631760557271
06e56c0c-ddb9-4bc5-b22a-ac4c7874b057,Software Engineer,6,9,Yes,7,Yes,11.814852213098913
9d49e04a-0dbc-41ce-8df0-476dcdb4b588,HR Specialist,5,4,No,4,Yes,13.774947973637385
cfc8f600-faaa-4eff-a745-a48b70e6908f,Marketing Manager,6,2,No,9,No,7.702380069976806
466c481b-5d16-4578-9b5a-5ed5e30aeb6f,Data Scientist,1,5,Yes,7,No,11.853423019240825
e6d34b5f-4259-4fb2-b513-5f32c1875280,Product Manager,4,5,Yes,6,No,13.52963220329594
d7270773-c443-4133-9abe-4e844257e08d,Data Scientist,4,3,No,9,No,12.738052679206202
aeed5d4e-f5be-4bd1-a551-2349223a2824,Data Scientist,3,4,No,4,No,9.141552760608587
11a3c419-3da1-40e9-9006-8ecd1cd8775b,Data Scientist,8,1,No,9,No,5.847340211008688
a1704f43-8269-46d9-b4cf-2f6cce25cfc8,Product Manager,3,8,Yes,1,No,7.18751755372797
c231e56d-aa27-48c2-8de1-0d06f1946b71,HR Specialist,3,6,No,5,Yes,5.056152826954133
1024e7bd-a931-4e67-add3-7a91974ec179,Software Engineer,1,7,No,10,Yes,13.20245101754155
03ccc15b-9a30-42a6-b290-caa01e06449c,HR Specialist,10,8,No,2,No,8.283287956419446
26fbd6c6-3372-4d41-8fbf-2d1dd7263927,Software Engineer,2,8,No,10,No,12.006113470417857
9fb271d7-e47e-4ef7-982b-427de650a91e,Marketing Manager,9,4,Yes,5,No,18.886903725125418
dd9e2acd-3e00-4357-b13a-b59386c8d5b2,Product Manager,1,4,No,10,No,16.860104325527125
f4d81618-c51c-4bd2-b0ef-01ce57d02d14,Data Scientist,6,10,No,6,No,6.133940587791953
ea717afe-f061-4e6f-ac22-c45e84707666,Marketing Manager,8,1,Yes,3,No,12.744399352705823
3ca1e908-cdc2-4c5a-8517-b5d2aac181d2,Data Scientist,9,1,No,9,No,11.662408806197494
f3dbd31a-d1b1-4724-a926-63df768d67f8,Product Manager,8,5,No,8,No,18.593791917601568
10205d50-97db-47e7-8288-8d6884db7070,Data Scientist,4,9,No,2,Yes,18.46841857323597
c2f5f0a0-c97c-4230-836b-32d48b9b2cf4,Data Scientist,5,8,Yes,7,No,14.946039388112991
37c611b0-10b6-4240-8ba3-7aedb0d3de5c,Product Manager,8,6,Yes,8,No,7.103995904800239
c6e293a6-8200-4283-990b-c28f84274644,Software Engineer,4,9,Yes,7,No,6.557225221096278
a2814a54-7c92-42c0-87f6-a3041efef179,Product Manager,5,1,No,1,Yes,16.972028567524923
a16ed260-643e-4368-b43d-1558d29e7869,HR Specialist,10,8,Yes,4,No,16.37039004678742
133ae86a-2c58-4ca7-8b4d-ace1a23ba0e1,Software Engineer,7,6,No,2,No,13.55465146346128
56b2e327-964d-4038-bd02-8c34728a0c60,Product Manager,3,2,Yes,10,Yes,7.956187821740035
2fbd6922-e847-443c-b51e-1b1cff7c0457,Marketing Manager,7,4,No,9,No,17.561657859880867
0c10b793-597c-4d0a-9c6e-d2b261357bc0,Product Manager,8,1,No,3,Yes,15.419461617465435
68df045c-0b1e-4c7f-bf74-c254217fa8b9,Marketing Manager,3,3,Yes,7,No,9.727973035067672
ddb92191-ab29-4488-affa-a56402c77d7b,Software Engineer,7,6,Yes,8,No,12.434072301197267
28db115d-62f6-43b5-a70b-6cad372760d5,Marketing Manager,10,1,No,10,No,14.357683284557556
46ad1798-29e6-4f1f-9d78-c64e0f396ad9,Product Manager,7,5,No,9,No,13.290660151296906
8a88ec70-ceb1-4769-9859-5b90afbf090d,Product Manager,5,8,No,9,Yes,15.048147533507468
93142daf-cf0e-4219-8c2c-1e1506432e84,Product Manager,6,9,No,2,No,5.284682309022782
d4800dc7-6e55-4089-8f15-5abdc2de2572,Product Manager,8,5,No,4,No,11.915736962585179
02f0c255-3933-4efc-87c6-16ebe1043014,Marketing Manager,5,2,No,1,Yes,8.812323190467469
7951178e-ec75-461b-937a-b441d93a1448,Software Engineer,3,4,No,8,No,19.080285027960862
a4b928f1-0072-4ebc-bfbd-1dc1bb525320,HR Specialist,5,4,No,4,No,18.679163492517333
2f52a160-c86a-4a19-b1ed-b4274c36562c,HR Specialist,5,4,Yes,7,Yes,19.146608991952206
a9fbf9a6-a69c-49bd-8140-c81bf4ff9928,HR Specialist,6,3,Yes,5,No,16.94535837732655
7a17d103-68d6-4a0b-9aec-d6390de23096,Software Engineer,9,9,Yes,10,No,11.54504081391894
53baebbe-d212-467a-9fbb-2cf98e1182fd,Data Scientist,4,5,No,6,No,17.49462755087029
08059055-9eb5-41c9-8404-279e4ad8f430,Product Manager,9,5,No,7,No,10.584963835858115
946a5ab6-5d2c-40b1-b434-c289a38831a0,Product Manager,9,10,No,8,No,16.45514188253818
49cc2a10-b778-435a-bf24-5409432eba2d,Software Engineer,3,4,Yes,2,No,17.588024312156
a73253b8-c0df-4540-977c-2c1545bd560e,HR Specialist,8,9,Yes,1,Yes,6.871361478411296
9a622ee7-a9af-4e55-88bc-1054f4f86d57,Marketing Manager,5,3,No,6,No,8.235192924125876
84c289e8-3be9-4977-acfa-a2ac9be776ed,Marketing Manager,4,10,No,1,Yes,16.780973584460675
067494c6-3373-46d9-9e4b-c89c089eb6bc,Product Manager,5,1,No,10,Yes,15.670047841497734
d48b63bb-6189-40d6-b171-6521e2b626ab,Data Scientist,3,8,No,2,No,15.373047388722542
23864570-c038-493f-9941-fb4cafd945eb,Marketing Manager,9,7,No,4,No,7.295791470406735
ced4bf58-5952-4e9a-8f1d-5114dbae8594,Product Manager,10,4,Yes,3,No,9.43272916524339
7cd440fe-fb4c-4f43-82ab-a3387c1fcc32,Software Engineer,10,5,Yes,2,Yes,19.214873004743403
30c4ffd0-d578-4f4f-9207-db4fe4cc6a03,HR Specialist,4,8,Yes,4,No,13.706850047812205
d3f98e53-863b-4f2c-a362-8f2e6f406a51,Product Manager,7,4,No,7,No,19.539808660008333
a866b35b-e194-49f8-a839-11732aab5956,Software Engineer,9,7,No,2,No,10.305913994473023
fd0ec5c7-a53b-45c7-91ac-e80aca228e18,Data Scientist,5,2,No,2,No,10.32010402933653
f46cca3a-7b3a-4ee6-91b9-f71bad6b3a80,Marketing Manager,5,9,Yes,7,Yes,7.081950396963772
4dc0d8c6-cae1-4b2e-8578-cf44e5934c8f,Data Scientist,1,6,Yes,9,No,11.20918182559219
05b8dfa1-dfff-46f1-aa4f-faffdcdfe902,HR Specialist,6,4,No,6,No,6.39143544010861
d06b51cc-7463-4f99-9dcc-f81568be549b,Marketing Manager,5,3,No,6,Yes,16.873672583102127
09a4a9e1-97c2-4401-b5a1-0435de8cce03,HR Specialist,3,1,Yes,1,Yes,9.302701909297088
c64acfee-1bd2-4dbc-be5f-0b30b6f48f05,Marketing Manager,6,9,No,7,Yes,15.164893044994223
303098ce-8c9b-4ffd-8c51-db82ba0fcf4a,Marketing Manager,5,6,No,5,Yes,11.616310605428204
2ffc8cea-3b87-44fc-8f06-d5bb9e008af3,HR Specialist,6,1,No,5,Yes,18.72112653466938
0c8218ff-00cc-4440-a674-b375ea106416,Software Engineer,7,2,No,9,Yes,17.224950180778496
e99cfc7a-0844-43b3-a8e3-8f46d594a1fc,HR Specialist,2,3,No,7,Yes,14.926163876673733
f3bd73b1-a65f-4403-a282-502d52db9730,Product Manager,5,10,No,5,Yes,9.819095751501191
1eaf2c87-e676-4779-8029-81b4d68dc0ec,Marketing Manager,3,9,Yes,5,Yes,15.317112491822245
94d0ec97-ed76-4f6c-bc37-72c9532ef63b,Software Engineer,3,10,No,2,Yes,17.905683260995332
4fe91d11-f9db-4bdf-8ab5-5c10e3c68e79,HR Specialist,1,10,No,7,Yes,14.12478566001704
d002e41c-4721-42c2-ab21-c0732c4a1a63,Software Engineer,7,7,No,8,Yes,5.488836852113289
136fd95b-078c-41ab-86c6-675dc879fc1a,HR Specialist,5,4,No,8,Yes,12.330267224532216
da138fe7-0868-41a5-b5f2-7b3d0b4db6c0,Marketing Manager,9,10,No,1,No,13.829552339689066
87cf6945-d0e6-4fa5-a406-db3117e6119d,Marketing Manager,3,4,No,9,No,10.139844279202954
3fe7c896-e190-4f01-817f-961eed3b24e0,Product Manager,1,8,Yes,9,Yes,10.078908609032744
85ef2044-ac59-4bc5-a3ba-4322692d9e6c,Product Manager,9,7,No,9,Yes,11.705588901199324
51e71722-ef05-4a9f-b95e-1628e248fc16,Marketing Manager,4,1,No,2,Yes,6.28515163248914
4a60ebde-deaf-4615-9c98-186a6711404c,Data Scientist,7,7,No,5,Yes,7.96939024837817
70100953-1e0c-4151-bf07-17189a7feded,Marketing Manager,5,4,No,7,No,16.387560366032595
3972fdd8-3224-464e-a256-3094d6a95e9e,Product Manager,4,7,No,2,Yes,7.578658481918639
6de6abe2-d8af-42b4-a234-a356e726fdbf,Marketing Manager,6,4,Yes,10,Yes,10.646704309446541
1eeb60ad-eed8-4014-83ed-5c44aaf43ddf,Data Scientist,8,5,No,1,No,13.950832501613386
396a33ff-4e93-41f3-898d-e3c7a1cd2777,Data Scientist,5,10,No,9,No,6.447081046369613
69b9fba2-a5bd-4f81-b9c4-fa4cf796dc00,HR Specialist,6,5,No,8,Yes,5.25741270655981
3335a23f-5da8-46a1-a825-41f85c5133a6,HR Specialist,5,6,No,2,Yes,5.268967665028477
079d6f16-1b8d-4ec3-9b2f-7d146c78de6f,Data Scientist,6,2,No,8,No,12.80612611198999
f2b9ca99-d78d-4821-a621-4ac089246bf3,Marketing Manager,10,6,No,5,No,17.501117860171348
ce043667-fbbf-4121-a4c6-8800c3f71cd7,Product Manager,1,3,No,6,Yes,14.75844507694428
d621abda-3958-4bc1-9eb0-da317bfab07e,Data Scientist,8,10,Yes,2,Yes,8.477409060720458
20199d1a-85d3-4e25-8cb4-c9eb7e655176,Product Manager,1,7,Yes,7,No,17.99131910103428
6c86731c-1a41-4aa6-8333-8a4702ac1a25,Data Scientist,10,3,Yes,2,No,12.753496523232233
894af96a-d67c-4f89-a4ef-7657dd07b8c6,Data Scientist,5,2,No,6,Yes,6.5722470635518135
96f34f28-d94e-498f-808f-5194fe252908,Product Manager,9,3,No,1,Yes,9.853709346210545
d988ecce-80d3-46a6-8edf-2c0a97cbcc06,Software Engineer,9,2,Yes,1,No,19.337451905064512
a90668a2-588e-49a8-b4d8-4341d0850c12,Marketing Manager,6,10,Yes,5,Yes,15.481231112312638
eeff8ed0-ef90-4539-9fd1-d2e1e2487411,HR Specialist,6,6,No,5,Yes,12.607703355375541
e807c7fd-b9da-4ec3-bb99-ff44c093259c,HR Specialist,7,6,No,6,Yes,10.305185327266482
18f98aff-3fc6-4740-b5d0-34dcffa90470,Marketing Manager,2,7,Yes,2,Yes,7.5531314251561
063534cf-1428-44f3-a554-8b1d9b41dbf5,Software Engineer,5,10,No,5,No,6.352827184531532
26018c4b-2963-48d0-b2e5-478e336099d7,Marketing Manager,2,3,No,4,Yes,13.133350041864318
c29c99b6-ff47-414d-80de-ec9413d4ebbf,Product Manager,1,2,No,10,Yes,12.445030008003048
aa736318-34d9-428d-9a64-0ad4cc086db6,Software Engineer,2,10,No,9,Yes,7.736177267567586
7279bf74-5186-4083-92de-5d9dbbc831e3,Software Engineer,1,6,No,9,Yes,5.061957651330289
e6dce79a-acd2-49cc-a82a-5e3535d1d68a,Product Manager,4,6,No,1,No,19.619997836967052
c30a720b-033b-4264-8787-10c2ae9ab496,Software Engineer,6,6,No,4,No,18.934231494346175
7629a1c4-3105-44c6-84d2-b5c874b014fd,HR Specialist,8,5,No,9,Yes,11.459723201319001
d4ba882f-7490-437d-b7a3-79dc9b965a3c,HR Specialist,1,10,Yes,7,No,9.904270402553248
1eaffa95-65e3-4d52-b732-d84790c63e53,Data Scientist,4,8,No,5,Yes,8.283623071392007
8be28236-ab1b-4004-9943-069e5ea4d794,Product Manager,4,2,No,10,No,10.559525763502393
26fb4615-5603-4b0c-877c-5d748497f33e,Data Scientist,5,1,No,1,No,18.364884423015617
3f28bd6b-4a86-40b2-b88d-b9f175dfcdb0,Data Scientist,3,5,No,2,No,19.09002608926793
bc2f3db3-0422-4510-b0ed-2c901d17b2f1,Software Engineer,3,5,No,5,Yes,17.799744013691857
35583782-692e-4f40-a9a8-28e10dbbcab1,Software Engineer,5,5,Yes,4,No,6.017996501703887
926ccf91-1126-4cb1-8e44-b1f3f010eb36,Software Engineer,3,5,Yes,10,No,8.055872790264404
89f97499-0e85-42e3-8c57-cda7ec790446,Marketing Manager,8,5,No,8,Yes,9.889363255116827
e36446de-b550-44ef-8c9c-1d6445e5c78c,Software Engineer,9,2,No,7,No,15.33863271403297
30578d75-9628-4f03-94a4-463bd6024873,HR Specialist,2,3,No,9,Yes,5.827309976145504
b607d0e5-d646-4022-91fa-b75d6d2ff641,Data Scientist,7,4,No,9,No,6.291677154982809
b4d74f24-5e6c-4aac-a133-9f1473d65d28,Product Manager,3,1,Yes,1,Yes,7.281627272366526
e4d7d1f4-1068-44f0-a450-28e5c68216e6,Data Scientist,7,1,No,3,No,7.22140519657896
85b7fe32-7ca6-40ab-b5ad-12e79de2042e,Product Manager,4,10,No,7,No,6.629139338818971
b15c1b12-9de6-47ae-bb02-82c72bc3bbb1,HR Specialist,1,10,No,3,Yes,8.741638543523775
94488ad8-310d-4a41-92a8-faa403a06337,Marketing Manager,5,2,Yes,5,No,8.62174764100396
6cb5567c-5aeb-48cb-9205-235de0f8956d,Product Manager,6,8,Yes,7,No,11.406334921357125
df10db01-089e-4fec-b0f4-c5da3989a96f,Data Scientist,1,4,Yes,1,Yes,13.12963578428136
2743b675-fc54-4f9d-a25c-8226896c08f4,Marketing Manager,3,8,No,10,No,15.387587224197855
f681813a-bdae-4aa6-a258-04092f44c27a,Product Manager,6,4,Yes,3,No,7.327098426113075
ac99a7ac-0d97-4da2-a567-fb0a756328d9,Software Engineer,5,9,Yes,1,No,15.190099786614303
13a8dbb1-8ce6-4fbf-8999-b68349bb9199,Data Scientist,5,6,No,7,Yes,8.641355688667424
616bdd99-6229-48ed-a52b-d0ddd09b85e1,Data Scientist,4,6,No,2,No,11.423285420742289
14e3cb6b-f900-4451-8795-2f09d2d9d13a,Data Scientist,3,7,No,3,Yes,12.975951714654968
ce2aa29c-de12-4f6f-9f9f-3e5791faf150,Data Scientist,9,3,No,3,Yes,9.193899022339966
caf215b0-0e8e-41a6-bce3-7af18515b884,Marketing Manager,4,7,Yes,4,Yes,7.071817821307986
d207b03b-9034-4651-ab77-4d5adc400067,Marketing Manager,5,9,Yes,10,Yes,6.231685651479564
21ecb3d3-b1b2-428e-915c-d51636c2ce20,Data Scientist,3,9,No,10,No,10.146344674025713
8b5769a0-e077-4e90-9706-e0b79c30300c,HR Specialist,4,1,Yes,2,No,7.447747765911571
07fb6e75-5a67-45e3-8707-b37760bea71d,Marketing Manager,7,2,No,6,Yes,14.812873852748032
54ddf27c-5bf0-41f9-b69c-0b3e909b3e86,HR Specialist,5,10,Yes,4,No,10.585924630514945
d76d11d4-b8f3-4eda-8ccb-bf1b82800b3e,HR Specialist,10,5,Yes,1,No,5.479657488828933
7fd9578a-65de-43c6-af86-f59170d5cfbf,Software Engineer,5,5,No,2,No,13.435027594975132
a6970f57-6ec0-40a1-b1c8-efdce5691d5d,Data Scientist,7,2,No,5,Yes,14.985060159612118
d8a16eaf-cd51-4d65-a568-23444ef4587d,HR Specialist,6,3,No,1,No,8.852752783345082
39830a93-c748-4168-8c2a-5e1d8cdb69d0,Software Engineer,3,6,No,5,Yes,13.724700706727411
d140e6a7-9ddf-488d-8660-02b85e6a2024,Product Manager,7,9,Yes,3,No,16.49831394868832
08a86108-1d2a-451e-afa4-91570e69e50e,HR Specialist,1,3,Yes,7,Yes,7.020507412754894
5bf461e1-5317-49db-9dda-a048a898c1ec,Product Manager,6,8,Yes,3,Yes,19.931179025522326
a48fcd12-a4bf-43cc-bfd7-7a18c4428862,Data Scientist,2,9,No,5,Yes,17.19956769063066
5e767867-2efb-4909-a930-fb3fc1d83203,Software Engineer,3,2,Yes,3,No,7.520148126879808
e1b074ba-95ff-43f4-abc5-fadf17cac959,HR Specialist,9,9,No,6,Yes,6.862558134742784
8cca8e31-874d-41c2-8064-42a672d1f262,Product Manager,7,2,No,10,No,8.931378896171786
a1822274-975c-4186-ab37-16dba51d1ee7,Data Scientist,3,8,No,3,No,6.482005730608309
c960041f-207a-4b01-9d93-9fc350ac5bee,Marketing Manager,8,3,No,8,No,13.440534878864787
7f71bfc2-bec8-4422-802d-1eddcfc4e856,Data Scientist,5,5,Yes,2,Yes,8.58890858920796
56f16983-956c-4b22-bed8-a20b62b3cd6f,HR Specialist,4,8,No,8,Yes,9.217155142760085
a29a8fb1-a3bc-4fb4-b9cf-c51eea839fa2,Software Engineer,4,2,No,4,Yes,10.150358583842927
715337c9-1732-424b-8ffe-7b160ba0bee8,Software Engineer,10,9,No,3,Yes,5.695498275135382
81c8efae-7ba9-4558-ae14-492e9229dd90,Marketing Manager,10,5,No,8,Yes,12.111291898414278
2f7bfc5a-af1f-4b5f-b1f6-b3f6d42e1820,Marketing Manager,3,10,No,7,Yes,16.600479614139537
2cc83d66-767d-40e7-b2e6-6590fc38bff8,Data Scientist,7,5,No,7,Yes,18.214971469157067
87a3178a-b981-4d1e-a35f-1ce4e04b45ed,Data Scientist,7,2,No,6,Yes,7.197253436403841
23f796bb-9e08-4adc-a877-7b731a0227b8,Product Manager,2,5,No,7,Yes,14.114518362802372
4580d6d1-a9e8-4182-9a56-16f674177040,Data Scientist,9,2,Yes,8,No,13.380292997727308
924936c1-09d4-4874-b471-fe7a8e680389,Data Scientist,9,6,No,3,No,9.988953166833934
03a1405f-99b2-49dd-93cc-fe06c314e64e,Product Manager,9,8,No,10,Yes,9.871069107311946
19bd57d5-012f-44e6-96ac-f61d4dfdda0f,Product Manager,9,9,Yes,1,No,9.674295653504625
f4ffd0d3-7e04-479b-b153-7c037a324440,Product Manager,7,6,No,7,No,6.741464726765134
85a7996b-9930-4a5b-8890-746fda5dd1c5,Product Manager,4,8,No,4,No,13.845692014947563
ecd421c8-1daa-475f-8419-78e136cae8d2,Software Engineer,8,8,No,2,Yes,14.094150539702326
1dfe3f99-e512-4da9-aaca-88482868c656,Marketing Manager,7,6,No,3,Yes,16.803010958003583
e7e34cbe-b777-4b1e-b700-e588f178cd6f,Data Scientist,7,8,No,7,Yes,13.721647577000203
0a7bb0f7-9793-4316-ab73-a6dfd93d434f,Data Scientist,4,9,Yes,7,Yes,15.348552389819929
aded7463-4991-4f93-8096-5672fd19267f,HR Specialist,6,9,No,5,Yes,13.488422188032722
42294113-5095-419d-bc80-873fd8e85132,Data Scientist,3,4,Yes,3,No,18.777432402631145
53bbaf24-bace-4236-8351-97150db27e1b,Product Manager,9,9,No,7,No,8.412391462582809
14987086-9558-4d7c-aea9-f7ee5511e3a9,Product Manager,5,8,No,5,No,5.880224556590823
ce870348-8f39-4af6-be09-ad8af36926c0,Software Engineer,3,1,No,6,No,19.832648201377566
875c4862-a2dc-41b0-afaf-ef89854cfb84,HR Specialist,10,8,Yes,7,Yes,13.147955767281196
0d67a5ff-2e4d-4dff-a564-d929404db7ea,Marketing Manager,3,6,No,2,Yes,16.92551107448739
de4ea9bb-969a-4677-a902-ae64c1430dbc,Data Scientist,3,5,Yes,7,Yes,14.857274381370392
7fda5f0d-d05e-448f-a9aa-beb9016825cd,Product Manager,9,10,Yes,5,No,15.09430807646651
55921ae4-cc34-45d9-9f02-96ed2829316c,Marketing Manager,6,10,No,3,Yes,8.309790423810618
51cfce5a-ceff-4f5c-83a1-9e3c923817cd,Data Scientist,5,2,No,4,No,11.227328561647472
3e2a2fd2-7906-4e6f-966a-00b160644575,HR Specialist,6,7,No,1,No,14.95353645698536
3d7521f0-23ab-46cc-b1a7-0af866f83ba5,HR Specialist,6,1,No,1,No,6.666077710769789
932881fa-db28-4cff-bde6-b3564cdb57e1,Data Scientist,2,1,No,7,Yes,11.754728887284212
ee485b1e-0388-4f85-922f-6589bf429d0b,Software Engineer,9,2,No,10,Yes,5.537125288836208
6a6183ac-bff6-40ae-b5ac-2b761734059b,HR Specialist,7,3,No,5,Yes,12.438670418125422
e9543df1-5ce9-4a80-8859-6325e2450477,Data Scientist,2,2,No,4,No,16.922582748489642
77440afb-d27d-4cf5-afc6-223e22519762,Data Scientist,9,8,No,9,No,12.982978032355557
62dd1eaa-cf46-4427-86a3-a323fee04f84,Product Manager,8,3,No,4,No,19.460551362957805
5096c736-f2f8-4479-b4be-7e62a6c7d472,HR Specialist,8,4,No,5,Yes,9.424916408387368
48a1939b-cdad-4de7-a5db-58970fbb5269,Data Scientist,1,8,No,9,No,7.684989908423132
cfb21347-6466-4743-8f73-f74842996547,Data Scientist,9,8,No,3,No,16.53486842197734
7319f1ad-635a-4a4e-8b2f-403940de4baf,HR Specialist,3,8,No,5,Yes,5.605579354844275
e5807289-fba4-444e-98ca-85ba44c1b605,Product Manager,3,7,No,7,No,15.404996873073234
6c76b122-8aa5-40e5-b2d2-d484fefdc357,Data Scientist,3,4,No,5,Yes,10.8516794994263
1e447155-1f25-4154-b7ad-6eecc18c2e58,Data Scientist,9,9,No,5,Yes,5.344200068957067
4cedd193-6fb8-4136-ac9b-52058ba7ffc8,Software Engineer,1,4,No,7,Yes,7.114991500449988
39972870-92a8-4fb2-a50c-854631713880,Marketing Manager,9,5,No,10,Yes,14.212100403287671
3f2336cf-f1a0-4923-bd40-bce1979a3d11,HR Specialist,4,8,Yes,7,No,6.767800997087651
7b15e825-afd9-4c72-8265-a018fe33a580,HR Specialist,7,3,No,1,Yes,14.81377799108067
da69a513-27d9-4662-9720-3803d9395c44,Marketing Manager,3,2,Yes,4,No,7.223034715735178
dec9d04d-259c-4b5e-8f45-d900feee4585,Product Manager,8,4,No,2,No,14.912141430029724
0cd7da8a-dbc9-4cae-8e12-586c1609d668,Software Engineer,6,7,Yes,8,No,17.793971433876656
32b68701-738f-4c15-9938-cda3af18e602,Marketing Manager,8,9,No,10,No,6.807765052282116
01641fb9-e85a-4101-8aed-0ce84f5a4876,Product Manager,4,6,Yes,9,No,12.86801437077503
1020623b-60ab-4a1f-8fb0-fb53ae9edcb1,Marketing Manager,8,3,Yes,7,Yes,14.857183941695576
fd41c044-2092-4d15-9ff6-2764ca21569e,Marketing Manager,6,10,Yes,4,No,7.2259079482685244
fccb495c-5a8d-441d-b757-c2cbf3530a14,Marketing Manager,6,6,Yes,9,No,8.928937519834758
20dcdc43-1c8e-432b-a407-ad40f5412dfd,HR Specialist,10,9,Yes,4,No,6.520864021756492
560ccac9-bc28-4f14-8d9b-009160db6d75,Marketing Manager,5,7,Yes,1,No,17.844789207986725
b2e96cd7-909e-4f72-8104-0457e13bad53,Software Engineer,10,2,Yes,3,No,7.387819202678792
c5182a69-e44d-415e-af0f-04502f982abc,HR Specialist,1,7,Yes,2,No,13.041455702001363
80711a24-acf8-49f0-9d09-e0f2cede0a91,Data Scientist,3,8,Yes,2,Yes,6.539571449194365
0ec0891c-9b63-4ab2-92a6-387f72ff8f4b,Marketing Manager,8,10,No,8,Yes,11.351123883331718
650f706c-b018-4d39-a643-10a1f47b4a04,HR Specialist,4,8,No,9,Yes,6.677789283039264
8d647f3d-fe63-4c3e-b84b-749d3198c1bb,Product Manager,10,10,No,5,No,9.116348997150201
0f80ce01-4065-4c61-a963-caa248260dbd,Product Manager,4,3,No,6,Yes,6.125969619260095
a01e226d-7d57-474c-83fc-44e33ba60208,Software Engineer,5,2,No,10,Yes,6.422239368674955
b372f19e-7482-49b9-8db8-11218f06bf1a,Software Engineer,1,8,No,4,Yes,9.709756535988177
b33babb2-c798-4c37-88a0-7b60dd735594,HR Specialist,2,10,No,1,No,13.469271362553195
b18ed6ec-c3c1-424d-a07d-5ce36ba7ab29,Data Scientist,6,4,No,6,Yes,18.082862459538262
bfe59685-cee9-4930-ab33-d455be369f95,Product Manager,4,2,Yes,2,No,9.671642579767155
e24e45c2-99ec-47a6-9a0f-41af274e1f8e,Data Scientist,1,7,No,2,Yes,13.60165455366281
d71b82ce-91ee-4297-aa9d-64ca96a98baf,HR Specialist,2,6,No,3,Yes,6.503864376417087
1bc9833b-7260-4bcb-84c0-62007038f1a3,Software Engineer,1,10,Yes,6,No,14.870152860981028
fa3aad8c-9e57-4fdd-b5a7-aaaf5851c288,Data Scientist,1,10,No,5,No,11.813034031839713
e7cbde02-4dd9-4a96-8c65-edcfbab1a8d9,HR Specialist,1,9,No,2,Yes,16.88078160624212
700dbd70-e116-432c-8e4f-0f3250ef490c,Product Manager,7,3,No,4,Yes,11.959337042192905
89d4b955-6db6-4666-bffe-c7c01f3fd2c8,Marketing Manager,7,9,Yes,5,Yes,8.349849624929568
9a61eeef-26a1-4815-9088-8f1c9a5e7a36,Product Manager,4,10,No,5,Yes,11.290913227022433
14445c49-64b2-41d3-b38f-6d29ffdf8f55,Data Scientist,5,5,No,5,Yes,10.465396770806777
54e6032a-1ca0-42ac-9ad6-3aa2abee6445,Data Scientist,10,3,Yes,3,Yes,17.14484363100655
678c0723-851f-45d1-83e1-69e9bb774150,Product Manager,1,4,No,8,Yes,5.178556575640426
2f971bda-a3ad-446f-9498-29ea7bdebbe2,Software Engineer,8,4,No,9,Yes,12.116590064666685
2f0e51ef-f87e-48f5-b74c-07e8182c7b26,Data Scientist,8,3,No,5,No,15.643905314610196
fe8482bf-3f72-46e3-b4f4-4a2a3d616fef,Software Engineer,5,10,No,10,Yes,15.578183326656205
f4d5c8f4-322a-4541-be8d-c96f6d8b01d0,HR Specialist,9,5,No,2,No,17.401445207824658
b83e5ad1-e6d9-440d-99dc-4b3676f9c7f1,Data Scientist,7,9,Yes,4,Yes,9.280161544285612
c4acade9-5768-412d-9306-d351eaa540dc,Marketing Manager,3,6,No,6,No,5.918595687029764
90cb7e1d-30b1-4978-ae27-e58aff1c05a7,Data Scientist,10,3,Yes,7,No,14.626449491743855
dabecc29-2c47-4050-bc4b-1c7e8711988d,Data Scientist,4,5,Yes,9,No,13.873059638434276
e905a482-b1e6-4f67-820c-6985162fbd2d,Software Engineer,7,8,No,2,No,12.398489706699783
aebdb540-0c85-442f-abca-5bc6f8733cd9,HR Specialist,4,6,Yes,8,No,19.716849468802252
821001c5-71bd-452b-969f-7a5f15818a94,HR Specialist,1,2,Yes,3,No,12.745327107937143
eec5674a-4065-48bd-8ba5-5422a5d74459,HR Specialist,8,6,No,10,No,19.80918280497695
86108f0d-4911-4d07-9521-7125e96f981c,Product Manager,4,9,No,9,Yes,14.893927681969902
6781c367-b48d-4fac-85a1-49242352a52f,Product Manager,7,4,No,5,No,19.56975246311468
0064294b-26e0-4d08-ba0a-47a9ae69a760,Data Scientist,2,4,No,5,Yes,15.076064398923148
26c2e2f1-6575-4da0-b0e3-0dab6fbb35e4,Product Manager,4,9,Yes,1,No,13.887362657415858
629f9913-e86a-4ec0-8048-38c6e093b564,HR Specialist,5,6,No,8,Yes,14.918875526486113
539fdb9a-a406-419f-b8ec-f3fb19073203,Marketing Manager,8,3,Yes,1,No,5.895916185818681
0426e67f-bffa-463f-b06a-4e0577c990da,Software Engineer,3,5,No,4,Yes,15.045602668785047
d1b3abd6-dd32-47a8-9450-db91d5e0efe2,Software Engineer,8,8,Yes,1,Yes,8.624545802864972
dfb82875-28b7-42a4-9688-b3c65486f86f,HR Specialist,5,5,No,10,Yes,7.6554190615498765
fb020112-57df-41c7-9f91-1db84ca6aa3e,Marketing Manager,9,7,No,2,Yes,5.596796873091278
9d10bf12-b25b-4559-bd23-9504c7fdc4df,Marketing Manager,7,6,No,9,No,18.864027486638523
0d54d7de-6118-4e2d-9bfb-aa6746d35b1a,Product Manager,8,6,Yes,1,Yes,17.25573652339716
e4d6063d-060d-4b7f-bc4d-373fd79d5439,Marketing Manager,7,8,No,10,Yes,14.747592589422437
1a7503a6-d413-41e4-b869-995f520214c7,Product Manager,2,5,Yes,2,No,14.520278097972687
50f15c19-26e2-4123-b53b-ab8e56965b55,Data Scientist,6,1,No,1,Yes,8.65964230747393
39b0aaa9-7356-4d97-9de1-a74432cc9820,HR Specialist,2,2,No,7,Yes,7.390591697988597
3e37ed2a-468b-4082-922c-94f0c7a9a8a3,Software Engineer,3,4,No,2,No,12.480777555412825
4fc1eff1-dc1f-4762-b325-d120fff1fd46,HR Specialist,5,6,Yes,7,Yes,13.123573405082546
df6b199e-3d61-41ab-b6f5-fd6d52ae85d5,HR Specialist,5,8,No,8,No,6.065231079409649
2ce0377f-1f4c-4ea8-b507-19b9a793e06f,Product Manager,8,2,No,6,Yes,8.852995589785216
6f5a0c06-a140-4d34-8c86-a7a9178ad383,Software Engineer,6,6,No,8,Yes,18.59731894365317
71a6ed12-2630-46d3-a3ad-76f9ef1a75ed,Data Scientist,1,6,Yes,7,Yes,9.088033779564798
e5ec3f38-d1e5-4937-ba4e-5aca6cb816bd,Marketing Manager,9,2,No,7,Yes,19.2911264358641
0ee4f133-6754-47ff-a178-386f4bda999d,HR Specialist,4,3,No,7,Yes,16.334305145151482
b5879de6-646b-44d8-98e2-fcd71373c5fc,HR Specialist,8,8,No,10,No,14.260483450524035
8613e1ee-4bae-43cd-bfb5-039a36b2369b,HR Specialist,10,4,No,6,Yes,10.012128356483679
866a8f0b-7c13-4bd2-91b1-0d1e5b4d7aeb,Marketing Manager,6,3,No,6,No,5.888272199164099
31e7b32a-1c4b-498d-9a0b-ce74ce4e784d,Marketing Manager,9,2,Yes,10,Yes,16.918836406651568
382e40c9-9a6f-4e32-ab93-588ed4565a43,HR Specialist,2,2,No,3,Yes,6.255224070117951
0dad0ed2-46e7-4ff3-b813-4ee88b6fef36,Data Scientist,10,2,No,7,No,5.352474752405982
be22e5a0-484e-453e-a613-2a5c8c55e79c,Data Scientist,4,9,No,10,Yes,12.566211717845642
4d02c6af-9a8c-4b3d-a229-6db936d20b3f,HR Specialist,10,5,Yes,5,Yes,10.076319384397056
c5ab7652-a36f-4078-8e1f-6abb29cdfd41,Marketing Manager,3,1,No,1,Yes,17.308162131673555
ea2c4b59-33b9-477a-92ad-e0108c9bf618,Software Engineer,1,6,No,9,No,6.533116925035855
5b7ca44d-f24a-43a8-88e6-5088f82e5414,Software Engineer,7,8,Yes,7,No,12.369272898568587
90c8e58a-e931-4bd6-a9dc-74dfb5bd1a1a,HR Specialist,4,8,No,4,Yes,19.651432999731263
f2d7e7e0-78d7-4131-800e-fcf6f78b555d,Marketing Manager,7,8,No,3,Yes,17.85808839849072
e4a12366-7a2c-4b4c-b0c8-2f90a2f04293,Product Manager,6,10,No,4,Yes,5.184163592370858
086bd60e-9071-4881-add6-301f5ea02a4c,Product Manager,2,7,No,3,No,11.166493502559163
8d5a6597-c0f7-4626-bcf4-e0ee8d9a4385,Product Manager,3,6,No,4,Yes,6.489936030415383
8fcd890c-76d4-4035-9e00-6bc32f074d88,Software Engineer,7,7,No,6,No,19.326258262732814
39c0f73b-1b99-439a-b3e5-acb809f1719a,Software Engineer,1,3,Yes,4,Yes,5.0222607909182635
b79b0523-b22b-421d-86eb-4c4ea8d97411,Marketing Manager,6,4,No,3,No,11.989234279716616
d69a5fe3-17a6-486e-88a7-db830c0b285f,Data Scientist,2,8,No,6,No,6.60899174844893
d7c6db64-a6f7-47e0-841c-0260e6677868,Software Engineer,7,9,No,6,No,16.00893898433324
fa0a85ff-7c24-4285-a7a8-7a21aeee084c,Software Engineer,7,3,No,8,Yes,5.541525449026698
e29efd40-9201-49a9-8326-fe573f8d3c4a,Data Scientist,10,1,No,3,Yes,16.9023712842517
52bc7e52-728a-42d9-b6a3-e65537965dfe,Data Scientist,1,6,No,4,Yes,10.085512276349572
3cd35c3e-053a-4748-a8aa-6a123ecdd262,Product Manager,1,2,Yes,7,Yes,12.627682351989996
c640f826-89c5-4f91-98b8-da8de23ee3bf,Marketing Manager,4,8,No,7,No,18.138096065130615
9adb9c7f-b884-4853-b1b9-bc183ea3f06f,Product Manager,7,5,Yes,7,No,18.85157486741658
6208e871-8577-43b8-ab80-89a5a4dcc7bb,Software Engineer,2,7,No,8,No,15.1324953080745
54e7dbc0-9e93-439b-9887-f1bd0d916b43,Software Engineer,3,4,Yes,8,Yes,15.010261018772676
2342dc5f-e56f-466a-ba70-63b627abe435,HR Specialist,5,5,No,6,No,10.001640359143092
678f9372-92b9-4350-86b5-6289894f2bb8,Software Engineer,10,1,Yes,7,No,15.577275557841512
74107011-fd68-45dc-9b56-41d7f708b16c,Data Scientist,7,7,No,5,No,8.507867436244346
139e9ada-59b1-4186-ba47-d6cdde6047ac,HR Specialist,10,10,Yes,5,Yes,8.348498320589739
bc65ec77-e252-4829-ae16-4d14c14a850f,Marketing Manager,7,6,Yes,3,No,19.958482978758614
fad9a5ee-1c3e-4e63-9a1d-82c444a545bb,Marketing Manager,3,3,No,5,Yes,10.510180335985535
7c9a17b5-8764-4b83-aa42-626894d2b5c9,HR Specialist,3,6,No,4,No,7.1134753776557815
586938b1-cf1b-4dc4-bdc7-55e4f928791b,Product Manager,10,5,No,9,No,10.312331006856628
0ab612fc-107e-4f48-838a-887729d5127b,Software Engineer,10,7,No,6,No,15.851720269519399
e8480d1b-cdd5-4cce-b6d3-49abea854d8a,Product Manager,4,2,No,1,Yes,9.462497416227333
0c414b8b-5b8e-4703-88dd-c5c389016bc1,Software Engineer,10,10,No,9,No,11.436147360072477
a0e34e3f-529c-481f-8037-2acdf983a15a,Product Manager,2,5,No,1,No,15.38801102823624
0553d507-89b6-4d78-83df-6a7d42c582e1,HR Specialist,4,7,No,10,No,6.672900625153804
c030bb79-797e-462a-9f5d-22bee8e311f1,Product Manager,6,5,No,3,Yes,19.321844173853982
5c05f51d-f62c-4f1f-85f7-71b70a1a87cf,HR Specialist,7,3,No,5,Yes,19.37494038764804
13478630-b3a2-4300-ab20-2e1f9b9d03e3,HR Specialist,3,10,No,5,Yes,9.092919394445609
328f5078-63cf-444a-a3b0-be2f303eb2fa,Product Manager,4,3,Yes,6,No,10.675538488782138
dc16be17-5565-4ec1-85ef-83fd581c8d3c,HR Specialist,1,10,No,4,Yes,19.49235857015536
a9ac8a31-922d-4336-b2a7-488747c08fc1,HR Specialist,9,9,No,7,Yes,18.72387005922647
a473dbd0-eec8-429e-8509-20097f37c28b,Product Manager,4,2,No,4,No,7.147397411182304
f33146ce-7f9a-40da-8163-9fa943d5f0b4,Product Manager,7,2,No,2,No,12.165532335234168
e11cb55f-d9ec-4b6e-8221-93fb49a92691,Software Engineer,9,4,No,3,No,18.967493076962317
115ebfbc-ee08-4f79-b392-17d30499641d,Data Scientist,2,10,No,1,Yes,8.026297525296531
52c83d2a-5e46-421e-8abb-d01e7e90cdf0,Marketing Manager,7,6,No,10,Yes,17.31647775985936
b11d154a-9617-426b-8b87-5f96936e8029,Marketing Manager,4,3,Yes,6,Yes,11.290591124786154
3c201643-833d-410e-9100-a829df141c2a,Marketing Manager,3,4,Yes,10,No,13.712083889068714
de5c467c-0a53-4abd-a531-e2ea0b6bf7ee,Software Engineer,8,8,Yes,10,Yes,18.750319895502855
09e92386-1c61-44e6-8ad6-162f1fac1452,Product Manager,8,8,No,3,No,17.697416344598984
4f498e28-046f-4a10-8b7b-216e1dfb3e33,Software Engineer,10,9,Yes,8,Yes,19.641779892266577
aa5b05d5-0433-4dea-a547-73e2098a57da,HR Specialist,7,1,No,10,Yes,12.041981358834395
a1df819f-9b65-452d-afd7-28216a8e6538,HR Specialist,4,5,No,1,No,5.56310165563353
3fa4e932-6b14-420f-88ad-3821e2f3fa21,Data Scientist,1,7,No,3,Yes,17.949016780090158
5796a0a3-0bc5-4c07-814a-252eddbfbc01,HR Specialist,5,1,Yes,2,No,13.79942290366182
f0e0a244-3434-492e-875d-5f979c349550,Product Manager,2,5,Yes,9,No,6.159422752924936
4c5f2723-3748-4d29-b9d6-5627ef0aa16b,HR Specialist,3,7,Yes,2,Yes,6.37423709245587
bb8b5b92-b587-4f9a-a745-c9e7960113a1,Product Manager,4,9,No,8,No,14.002835453389533
855be512-1b25-4805-91cc-509c2a062514,Software Engineer,2,2,Yes,8,Yes,8.12880334863146
ebf5ecca-b157-4a47-be01-af378a0a02a6,Marketing Manager,5,1,No,9,Yes,17.2107945378456
ac946be6-0ea6-4126-8dcf-72f8d0219cd3,HR Specialist,9,5,Yes,9,No,15.000730468051275
1dab5a18-ce51-4600-8f43-6bdd793932b3,HR Specialist,7,6,No,9,Yes,7.72456606567216
a6f72170-e74e-4c90-846e-7dc58f717821,Product Manager,6,5,No,9,No,6.25276344009582
be5a8a96-c319-4410-92af-413681579169,HR Specialist,1,7,Yes,1,Yes,16.15714780878404
8d455619-606e-4d49-a6de-e3593119cf2d,Data Scientist,4,5,No,2,Yes,14.91589005006482
20c13cc3-cf4d-4488-956d-0d60f6a0397c,HR Specialist,6,4,Yes,7,No,5.0342824429582675
0d111790-d85e-463a-8261-ea0c7460bd02,Marketing Manager,2,4,No,8,No,11.006897779912
6623a7f8-c8b5-4d3a-a9ed-7bb227edd49d,Data Scientist,8,6,Yes,4,No,10.110350209707194
adb2ae10-16e0-4b33-a245-e07d3a7a8aef,HR Specialist,4,7,Yes,3,No,14.618171631215079
014ba8a0-b1a2-4e2d-adb1-234832e670bc,Software Engineer,5,5,No,4,Yes,10.348034648267163
a99aeb21-c7d2-4378-953a-2555dede3129,Product Manager,10,1,No,7,No,17.206829150710266
16dbaa9a-c633-4264-97f1-53ddde94a324,Data Scientist,3,1,No,4,No,7.750340034171427
6dc3f5b1-eb70-414e-b620-c5edf7c29bde,Product Manager,6,9,No,7,No,8.652657687128436
ec26f5e5-b4d1-4f34-b9bc-e1ce515eee6e,Marketing Manager,9,3,No,10,Yes,17.13014200718343
07aef906-ed88-45fe-8449-8732727d0cbf,Marketing Manager,10,6,No,3,No,15.321244314624355
cfd24ae3-5a4b-4546-9e5a-0478c2b8e907,HR Specialist,5,3,No,7,Yes,12.271391860347851
f9517fb6-e8ad-49b6-895e-bd49dc36532a,Software Engineer,7,9,No,2,Yes,8.995568887524772
2124a49c-4fc1-4000-848a-ff02113de848,Product Manager,4,2,Yes,4,Yes,11.967057764997609
208efcb3-a0ad-4b91-afb4-90fe78bc1162,HR Specialist,1,4,No,10,Yes,10.966810163684848
45167862-e557-4be3-98ba-dbdd6edd7bd4,Data Scientist,9,1,Yes,6,Yes,16.124368174270025
01a8bc5b-5124-4215-9ed5-b7c889d0da3c,Product Manager,2,3,No,9,No,5.335576058745241
c4b30524-52be-42cc-831d-025440ea8e10,Software Engineer,4,10,Yes,10,Yes,11.406750066146536
3dc5adce-2222-47aa-be62-b05c5dec9ad3,Data Scientist,6,10,No,9,No,10.57630936523564
ea3dfe84-16a5-4a11-aac7-02be7c0eb06d,Product Manager,5,1,No,5,No,10.699606575381672
b86080ee-a8ce-43d2-b963-2a3693a2ce0b,Data Scientist,5,8,No,10,No,19.227711315596675
4665e143-1259-4695-950b-ce0b1d52fb7a,HR Specialist,10,6,No,1,Yes,6.286928346229168
92c497df-4ff6-47dc-9b41-bb43e00fbbd3,Software Engineer,1,3,No,7,Yes,6.944288298143687
af9b0892-4d9d-44c8-81e2-92b9b7d6376f,Data Scientist,6,4,Yes,4,No,6.550544914179067
9daca48b-4b84-479b-9f02-c27f5bff55c9,HR Specialist,9,4,No,3,No,7.975777170156103
943cc0b2-e4aa-4bdd-98cf-b25c96fd0670,Product Manager,9,9,No,6,Yes,9.712490329712196
b445fb6c-f09e-4356-a87c-6e4d25f83c35,Software Engineer,3,1,Yes,4,Yes,5.398585788639597
754f6389-c584-4165-9014-933f5e216b42,HR Specialist,4,5,No,4,No,7.4879507035535
9af8170d-de06-4de8-a27b-f80caf426c28,Product Manager,6,9,No,9,No,10.507039863786979
34eb027a-a3e1-43fb-b347-a8f0505b4f37,Software Engineer,2,5,No,9,Yes,10.465047794482324
fe72678e-5c0b-48b4-a854-f5eb93003d86,Product Manager,8,5,Yes,7,Yes,17.853092250697877
8ab8db4f-782e-45e2-be07-7b6ba76e139f,HR Specialist,6,9,No,9,No,12.564013416291944
7e2e4ac3-4a53-407f-b661-143c229a6edd,Product Manager,7,3,Yes,6,Yes,8.53523715384845
5fe5455b-8af6-4a1b-9d97-05ddefdba59f,Product Manager,2,4,No,10,No,19.515040608943792
fcc45e14-5638-4963-892d-356bf813d2e1,Data Scientist,3,6,No,8,No,9.889975537565387
f57d740d-8509-45fe-8bd7-8a282fb605f1,Data Scientist,7,3,Yes,9,No,5.905466523534457
57262cfe-4e97-4773-9786-c1a30a320681,Marketing Manager,9,8,No,8,Yes,7.273037685500258
77a2f1d2-3d8b-4537-a5a9-4d1d360a30f0,Marketing Manager,1,7,Yes,4,Yes,19.058785502481626
53014670-7bfe-48c6-8a22-efe0112d246d,Marketing Manager,2,5,No,5,Yes,14.253638641440368
7584dc51-3338-4e47-9859-338e8fcae0f3,HR Specialist,6,10,Yes,10,No,9.481848755368322
764627eb-e05b-46b0-8871-14b401eb24c2,HR Specialist,2,7,Yes,1,No,9.543132918960971
745e259d-83a1-4802-9efa-a3b3b4a491a5,Data Scientist,8,2,No,2,Yes,19.536068591529805
6fdc34a8-c888-4c26-b518-7701c6342ab5,HR Specialist,7,6,No,8,Yes,14.604139197964141
cd6b38e8-eaac-4e61-814e-7eac0cf68e9d,Data Scientist,2,2,No,3,No,12.545237003897602
b51b74cd-9e9b-4d75-933a-4e6d0bc0e4d5,HR Specialist,7,7,No,2,Yes,17.248777295019828
d6cc07ff-1b17-439f-b518-e32c1d63e1da,Software Engineer,10,5,No,6,No,17.504144200366998
25305db4-1c90-4953-bd15-8379ab1d0de1,Software Engineer,7,7,Yes,9,No,6.749303836509526
f8347ad6-2839-4081-9b03-3ebd0061f3e6,Marketing Manager,7,3,No,2,No,18.332226056518415
ef5096b7-9f1c-46db-89c9-34d3fd344c8c,HR Specialist,3,10,Yes,9,No,15.242957772165735
a11449b2-63d6-4c57-b4ad-aa922da1745c,HR Specialist,6,5,No,7,Yes,12.38071991165859
125443d2-8100-446f-8160-c956912a38e8,Marketing Manager,10,2,No,3,Yes,11.363727439214522
69399bb3-a9e9-4078-9ae4-64636cfb099a,Product Manager,8,9,No,10,Yes,13.11228740937983
59a1b71d-9818-4fd8-ba0f-e1fdffd9b06e,Software Engineer,10,10,No,4,Yes,10.595429501518538
5e6cbb1c-c8f9-485b-9b8c-3e7119b4e44f,HR Specialist,8,8,Yes,7,No,10.959368279091494
8862a99c-a3a7-4b7a-8f0f-14a591dbb6fa,Software Engineer,4,7,Yes,7,Yes,18.18616671771072
20e515e1-12ce-4de0-812b-c2a36997897a,Software Engineer,7,2,No,8,Yes,19.617462471985704
e0dd0e8f-5fc6-4e32-810f-6c3ca7946187,Product Manager,10,8,Yes,1,No,8.261052209744177
78a75f96-d91a-49e6-acd7-5f21e3146261,Product Manager,8,7,No,2,Yes,13.254586228432167
03b71a0d-5243-439d-a74e-348ff48aadca,HR Specialist,4,8,No,1,Yes,15.898981238286625
9a9d0457-1296-45d8-b01c-fcc1e488004a,Software Engineer,2,10,No,3,Yes,13.291919310798978
5d3473df-0e37-4f40-960b-7a8e844fc37f,HR Specialist,4,9,Yes,3,Yes,11.077807175721007
878157d8-0c2f-443a-993a-57a447439f03,Software Engineer,7,4,No,6,Yes,15.140905655915656
792b3760-8f4f-42eb-a3bd-522d23ed58b0,Software Engineer,7,3,No,4,No,17.4621357709792
dd14e108-9be6-4797-80a6-1cfdf4f57173,HR Specialist,7,6,No,6,Yes,12.979204004909132
54b6f0ea-9e8f-4826-9a2b-cf1571f3431d,Marketing Manager,3,6,No,10,Yes,8.352271820084315
5e15671d-5186-4233-8481-245f87ac25ad,Marketing Manager,2,2,No,5,No,11.946193157310057
79b380d8-fa4e-4a81-ad1d-a888e35f2cdf,Data Scientist,8,3,No,2,No,5.262250788475779
4699548b-f040-4ac6-91df-9e4b19b18483,Software Engineer,1,5,No,5,No,13.574830743877818
fd11a90d-95d5-4f3f-9cdc-58d803697d36,Product Manager,2,1,Yes,2,Yes,17.92441026636859
5b99c3aa-1e74-483b-93c3-1620c433dc20,Product Manager,1,2,No,7,No,19.265765714148948
cee55b2d-e953-4de8-831d-80661fd29cb3,HR Specialist,9,3,No,3,No,17.402737381825837
21c8318f-5dfe-4f0d-976b-e3474511a338,Marketing Manager,7,8,Yes,8,No,6.897175866220639
78ecf655-2b73-4c37-ba2c-6281bbc1390f,Software Engineer,10,3,No,5,Yes,15.346285567729002
5ba56c69-4849-41a7-871d-67e571f80115,Software Engineer,4,9,No,5,No,7.709992443013891
be09b952-fddd-4522-8680-70fa2f10b3b5,Marketing Manager,10,9,No,7,Yes,14.111666496935733
98bb1280-6821-40ac-af85-444ec8f0abd1,Marketing Manager,6,9,No,2,Yes,14.289225246077253
5c4c4114-e6ec-4e92-ae71-094cc38500b9,Marketing Manager,10,6,Yes,7,No,5.161449563044432
f7ee0c08-68a2-4c4d-a703-d8b1869e847d,Marketing Manager,9,3,No,6,No,14.378193494479861
65bd8f80-d438-4edd-8b58-9cee931c9c73,Product Manager,2,8,No,4,Yes,17.825754679939067
3a5a6540-aaf2-4ff0-9e00-7018d53f44b4,Software Engineer,2,3,No,3,Yes,16.43888040298092
700dd90c-1427-4cd7-81da-92ed1d4adea6,HR Specialist,4,5,No,7,Yes,15.397835127378645
71ba3074-40b5-4c25-9f9a-7c67514e5ee1,Software Engineer,10,2,No,8,No,7.881477915536924
5c55b51e-e494-4dac-95cd-95eb25d8e3d9,Software Engineer,6,3,No,5,No,7.048001859969254
f9a9aa9c-19eb-43e6-af0f-4b95d9d7544b,Marketing Manager,10,10,No,4,No,6.2785508544383495
7edc2596-ec7d-4c00-ad6c-84cafeb4b4cf,Software Engineer,5,1,No,7,No,12.578213557618263
a4dd024d-dffa-4fce-af4e-1a92bad18a91,Marketing Manager,7,7,No,9,No,8.746107493614339
b5b08e36-2812-4df1-b7ef-3febecca24e8,Product Manager,7,6,Yes,4,No,19.269282260113286
83319fae-34c9-4628-8e68-2e8e7f5dcd59,Product Manager,5,3,Yes,10,No,16.794000620750886
aa6e2ecb-1c22-40c9-bee4-d6df56cd80a2,Product Manager,8,3,No,2,Yes,19.520247974868433
93f70522-2cd3-499d-94de-c3c8fe78b78f,Product Manager,4,4,No,3,No,9.037231726192584
d0beef87-148a-4855-a87f-851c52a8722d,Software Engineer,7,6,No,8,No,16.550472749712686
0fa0db38-4bf0-4b84-969e-a39c53072344,Data Scientist,10,5,No,2,No,5.131097196102494
4d3f7512-7a25-44ec-a508-eeb13c10a4c9,Data Scientist,7,2,No,3,No,8.019835531535737
81baba03-066f-4730-9fca-bfb51181fcf5,Data Scientist,2,7,No,6,Yes,13.958688905370815
70fd2cd6-1b47-43cb-8d78-f9c1eaabb040,Product Manager,5,1,Yes,7,No,12.597205147489245
0a96f217-b1eb-4303-a025-a52d677204e5,Marketing Manager,8,6,Yes,1,Yes,6.805057197627873
4a465aff-0ae4-4f55-824b-b31f6502eec5,Marketing Manager,8,10,Yes,6,Yes,12.05073134005751
15007052-5d15-409c-b2a3-bc8cfa76be46,Software Engineer,5,6,Yes,7,No,9.362397616968629
58576adf-36d2-4cd0-9bc6-153866e6d4e5,HR Specialist,3,3,No,6,No,14.438656268728828
cec396a1-17cb-40ee-98af-632134390a7c,Marketing Manager,6,7,Yes,3,No,14.309317721278894
3a54ae9d-2fe1-4623-8c3b-10096d6a668c,Software Engineer,5,2,Yes,6,Yes,7.5370000237024355
a9fa0c8f-f1ba-4d5a-b974-cf072f704f9e,HR Specialist,4,2,No,3,Yes,6.900459358564408
42ad6417-56d1-4ed4-a9ee-309f13d222fe,Data Scientist,8,7,No,10,No,9.30889629592377
22f31bac-53c1-4063-b8c5-9f845958acd9,Software Engineer,9,6,Yes,9,No,14.045184298406674
492c487b-04fa-4187-a596-31a07692918c,HR Specialist,8,10,No,7,No,12.209165827875292
27a4efaf-9e2c-48e2-b35f-a2ec72098f19,Software Engineer,1,3,No,7,No,5.684826443417134
74ccd005-7ca6-4e20-aef7-20d96801fc9c,HR Specialist,8,10,No,9,Yes,15.467472857429387
dd6bfc7a-0ac2-4ec4-a63a-0375ef34800c,Product Manager,2,10,No,7,No,6.105035685239012
9ea11298-b9cf-42f9-907a-3de157bd0ac2,HR Specialist,9,10,No,2,No,15.569980946614507
a28a3e51-5e87-4a98-8c5c-984a93c6ef93,Marketing Manager,9,7,No,5,No,17.563873982794306
13c6ed17-f294-4c30-8886-e3fd6a1d81cd,Data Scientist,7,5,No,7,No,6.53681939012804
9a6d368b-c585-47c1-ae91-578e57b6e730,Data Scientist,3,3,Yes,10,No,5.676194981123184
7a1fcb36-95bd-4c0e-ad43-3f78604d0751,HR Specialist,6,3,Yes,6,Yes,15.606992667338647
2a812662-9330-4948-b7dd-9ea2d35e232f,Marketing Manager,1,1,Yes,6,No,7.152955084635858
59c75aac-c440-4e61-adac-425adfb52dec,Data Scientist,10,7,No,4,Yes,12.775710647418395
4f57456a-9e61-4939-86cd-6d88fd05d28f,Software Engineer,1,9,No,5,Yes,5.076218642716647
1ffd05c0-9f92-46de-91e6-048eeef05d32,Data Scientist,8,10,No,2,No,5.927571661960184
d45b942b-1544-439d-b118-16b76497b707,HR Specialist,6,1,No,2,No,5.654688017607932
3a44055a-cd5d-4811-8834-d56b2f855503,Marketing Manager,9,3,No,9,Yes,17.62361970408405
4f8edfda-ba69-4e1c-867c-7858b9544b3f,Software Engineer,2,3,No,10,Yes,5.862382169076212
4bf4cf3d-cc28-4087-972a-f50951befd8e,Product Manager,7,2,No,9,Yes,7.502769617019297
440d98c2-f0e0-466a-8e5f-06da767f640a,Software Engineer,2,3,No,1,Yes,16.63418922522302
14c21724-ec4d-42aa-93d9-4786e654a8a9,HR Specialist,2,6,No,2,Yes,9.820490107368538
869c9281-f48f-4853-a9f2-f573dbb13aec,HR Specialist,3,4,No,5,Yes,15.442727300662172
e7d9124e-16c7-4011-9688-2ecd84b41deb,Data Scientist,2,4,No,9,No,8.256510968190197
86eac4f7-21a1-4ce2-b5bd-f5792e7dd910,Product Manager,7,8,Yes,3,Yes,13.471610401545059
8f017d23-51d4-4fd0-ac00-f66c77517f88,Product Manager,8,1,No,7,No,19.71108249595241
553b409f-03ca-409c-afd4-487a16ab67ff,Product Manager,1,6,No,2,Yes,7.704223792489568
190ec23e-95f7-488e-894a-bb23a5784f26,HR Specialist,5,5,Yes,1,Yes,10.344782642653286
07f78be5-c058-4401-8c10-8a1b7dd144d5,HR Specialist,8,7,No,10,No,11.74085893786206
226091b4-338b-4986-b420-0ca12e852e22,Product Manager,7,5,Yes,8,Yes,11.060172433797021
02b12f50-887b-418e-9cf6-91edcba68370,Marketing Manager,7,2,No,5,No,6.03678747405008
787a442c-8c01-4303-8f0a-27f8680fee3b,HR Specialist,5,1,Yes,3,No,12.23339004588708
22546d2f-19f4-481c-a383-ea5f1f3a0832,Marketing Manager,5,2,Yes,3,No,16.4590160189544
62a426a0-ebbb-43d5-9b67-df6b843443c4,HR Specialist,4,8,No,8,Yes,17.23820585019613
d2a04e47-4e8a-4288-aa7e-37cfdaabf8a2,Marketing Manager,8,5,Yes,3,No,7.632186963208278
7e3fba51-d53f-4bac-9c82-34d124162ec6,Marketing Manager,10,1,No,4,Yes,12.20550763964869
db2d1280-0fc0-437a-ab72-7d4cd89cacad,Data Scientist,8,3,Yes,5,Yes,13.192855003246034
c3ae433a-c427-40d5-8fd0-e0c28296a05f,HR Specialist,8,8,Yes,5,Yes,18.7774927884277
4e48137f-2c1f-4569-9a22-e2a1d37fca33,Software Engineer,2,2,No,8,No,6.888625277724203
014ecead-9a60-4712-bac7-ba301edcfbb2,Marketing Manager,7,6,Yes,5,No,7.5294106047139975
7e288300-dd15-409a-8d38-c02e0efb8ae2,Product Manager,10,4,Yes,2,No,7.075293899663249
333c8080-55b0-4922-8298-d09a484fee8a,Data Scientist,5,9,Yes,3,No,12.534249818385895
1f737b16-e9d8-4b04-b9f8-6678d9b2bde5,HR Specialist,3,6,No,5,Yes,17.032585469847408
4ebeb7f9-ccdb-45e9-944e-f2f3dc36f6f3,HR Specialist,6,4,No,9,Yes,6.042403842481809
43d3d19b-f3e8-4f07-beda-84924967a3f3,Software Engineer,5,4,Yes,4,Yes,10.794245262960402
6218c726-9fdd-4d0b-8be1-4fe355695952,Marketing Manager,10,8,No,8,Yes,9.71041200594767
c89f95ff-f2e1-452e-ad4f-91bc0dc32b53,Product Manager,7,6,No,5,No,17.692774211991107
c59ffcb3-4a95-4826-afa7-036520a3beba,HR Specialist,8,1,No,8,No,8.206704177401694
c4b24e7a-e06e-48fe-ba2a-81528148ff73,Software Engineer,10,4,No,3,No,18.49053869294321
23279b31-b339-40c8-9ae6-0674f3c27249,Software Engineer,3,8,No,3,Yes,18.26137747287034
a7b32131-c262-46aa-acbf-14f5643d360b,Marketing Manager,7,6,No,8,No,10.111806128979898
b12685bb-55ac-4578-ae71-6462e4a58941,Marketing Manager,6,7,No,8,Yes,9.813324404850416
c3f9409b-87d2-4eea-9fc9-6dd499fefdfd,Marketing Manager,3,9,Yes,8,No,8.606237728942936
e27fb514-8bd0-42c0-8572-04e477e47b7b,Product Manager,7,8,No,1,Yes,17.520142721663966
ab4a619c-0345-4bd2-b5b4-0eab1024f84e,Marketing Manager,6,5,Yes,5,Yes,8.752177191358104
76908251-94ee-4fc7-b09f-da5bc29cf413,Software Engineer,8,1,Yes,4,Yes,5.230103353772973
b4b3e8aa-16c7-4649-a42b-73bc414c56c0,Marketing Manager,5,8,Yes,5,No,18.59562154225178
ae57baac-49d0-4ea6-9934-fe2fd9d4e22c,Marketing Manager,7,7,Yes,3,Yes,16.045929614630197
9ad1e243-4c8d-41ee-8ccc-2a187bbf29e6,Product Manager,9,1,No,3,No,18.948947066199946
9bfd60dc-dd87-4bcf-98f3-452a2a73ab16,HR Specialist,5,5,No,8,No,6.555745024209589
199bb332-30c0-4bb0-a005-d59386da7128,HR Specialist,8,4,No,10,No,8.245683913209888
5043b88c-b317-4ea9-a46c-d63420894f9d,Data Scientist,4,7,No,6,Yes,7.373007797830162
31a33877-030a-4362-92b8-191a030fa0f7,Product Manager,10,4,No,9,Yes,13.54822546183025
08239930-fe18-4386-b683-f5d4ae095c0b,Marketing Manager,1,9,No,6,No,12.606883768136221
8767bfe2-6339-4388-9d00-5f837421c62e,Software Engineer,2,4,No,6,Yes,13.057207913046632
53c47e66-dc59-419a-a24c-dfe420c79d35,HR Specialist,1,2,Yes,4,Yes,14.603983540229637
1cfb3b79-6377-4d39-a33c-fcb0085aa3bd,Product Manager,8,6,No,6,No,13.855166829038238
72b8d42f-dcad-4f4a-9bee-bcd5b7d973d3,Software Engineer,8,5,No,1,Yes,15.72843275307173
c413501a-c21d-4355-9c49-cb8b4623a7f9,Product Manager,2,5,No,3,No,5.146085313742528
6d938994-8fdd-4434-818d-fdf30c718900,Software Engineer,3,8,Yes,5,No,5.756906788682786
bfdfae1d-418f-41ed-a726-0a63d0b0826d,Marketing Manager,2,5,Yes,9,No,7.065842868120418
9c6f0600-82bd-4448-aec6-4b3e539a8da3,Product Manager,3,3,No,2,No,9.529435858879229
51e441c6-7224-44b2-8382-b762a704b4bf,Product Manager,5,2,No,1,Yes,10.204762894963892
4ef69621-f863-46f3-9300-8054d125cd13,Data Scientist,5,5,Yes,10,No,19.521876247540188
49c8cfe0-a3ad-44ac-ab01-aa5a1c13a8ec,Marketing Manager,7,3,No,7,Yes,8.453937112434884
93ecba8d-ac7e-4894-8cac-e71d3f9338dd,Data Scientist,9,5,No,5,No,7.566266414386877
05731868-bc82-4e0d-8764-c395a3054de6,Software Engineer,8,2,No,6,No,15.913443345495832
46d67c0d-8399-4c59-82ab-08a8aab185e8,Software Engineer,6,4,No,1,No,19.293355898649963
eb040f93-e582-47ce-a6fa-4a10ef37c4d4,Software Engineer,3,9,No,5,Yes,6.742056850041401
573c3c67-0bcd-4d6c-bb21-cd856da6d379,Software Engineer,6,9,No,7,Yes,5.655120806919937
89d19a9e-c3da-44d0-b25f-a58cc41ee99f,Marketing Manager,6,8,Yes,2,No,18.560156810100136
1e23eb31-96e5-468a-a948-0d20f8400de6,Product Manager,2,2,No,5,Yes,8.87752684145502
bcae1282-5cd7-4772-bc37-6daa4e6ed9ea,Marketing Manager,4,4,No,4,Yes,12.3232887311907
d44043f1-4abc-462e-a15b-7d4c0a2595cf,HR Specialist,2,8,No,5,No,19.577185385541664
e185ebaa-7cf1-4ce1-9dda-e28d6d516075,Data Scientist,1,7,No,8,No,15.926600756568837
a9b103cd-3918-4cd7-8fb2-35a03bea68d3,Marketing Manager,3,1,No,10,Yes,16.145906631291286
f7b856c3-7ab9-467b-90b9-a9b799545040,HR Specialist,1,8,No,10,Yes,18.105861440200506
3fc7d9f4-c536-4415-843d-2e63d0629253,Data Scientist,3,3,Yes,3,Yes,6.160120610845826
5e37220a-c2e8-4b59-a906-92d8e3ea54d5,Data Scientist,2,1,No,3,Yes,10.85767240933281
6effae31-f737-41a5-8464-2507621511aa,HR Specialist,1,7,No,2,No,10.997717169937893
64bc2128-3444-4331-9cad-5407190b2ede,Software Engineer,8,4,No,4,Yes,9.985601914755438
244ab9a1-17ec-4e4f-80a3-03a09a4d6162,Marketing Manager,7,2,No,4,No,11.074630133215734
194b054b-638f-42e9-8c6d-e592628451e2,Product Manager,5,6,Yes,8,No,12.943133965037033
e3dbb9cc-8a1e-46dd-ae83-2c76a64e85fe,Software Engineer,6,6,No,7,Yes,14.215071056826874
dc3677bd-c850-4d5d-82bb-80760ec82648,Product Manager,2,7,No,6,No,18.456375542603283
1f9584a6-26ad-48fb-b546-90a5b1227335,Marketing Manager,9,5,No,3,No,8.869766093385854
30781197-0c0c-4471-9bd2-b38bee03cc47,Software Engineer,5,5,No,8,No,16.882637193224554
d631328c-460e-4a2f-88e5-56adecf7fcbe,Product Manager,10,4,No,2,Yes,15.747927935418272
127bd545-4ce8-4365-9c39-ecec5fc8d571,Marketing Manager,4,7,No,2,No,10.54229349809571
8a4f30ac-1b9b-4360-8de4-c6eb4b00b21e,Data Scientist,1,5,No,3,Yes,8.233392903994995
f1a057d1-cb46-4be8-a3bc-581d4a2f4797,Product Manager,8,9,Yes,10,No,14.002678999172648
e214f0f2-24f0-4b66-b2d7-2db375e0b00b,Data Scientist,9,2,No,4,No,18.380627007530784
5061559b-9476-4c10-a515-0a7788f7de58,Product Manager,5,5,No,2,No,18.663765025977177
b7fbbcbf-72d2-4054-9542-b9483b14ca73,Software Engineer,3,5,No,4,No,17.24125105894774
de2fce7b-7460-4df7-a896-ba77e5fdb66f,Product Manager,3,5,No,4,Yes,14.224629429723052
830ece28-20d1-4501-9908-283952e18e67,HR Specialist,8,1,Yes,7,No,16.71278827287503
815879d7-ecb6-456b-b087-15a663f025dc,Product Manager,7,2,No,2,No,14.444905424664876
b30fe53a-95c1-451e-be31-c8d15ad04e18,Product Manager,5,3,No,2,Yes,12.485359425099018
948a16e6-1053-4a65-947c-e437dfc178c7,Software Engineer,2,5,No,8,Yes,19.648514716174596
d94529d5-5cc4-46df-a9e5-806eff87b7f4,HR Specialist,8,5,No,8,No,6.185003648601708
27231c77-a5ac-4b45-96e6-68ad227fcc13,Product Manager,4,7,Yes,10,No,11.017794792758004
b33dec29-5310-48d6-9a74-81bfaefca386,Software Engineer,8,7,Yes,8,Yes,12.20773533321099
5e06f42f-2a3e-4865-97c9-e8deb3feb8c0,Data Scientist,3,10,No,6,Yes,19.00392002449044
37054865-e9da-4a80-847f-18210c0b221a,Software Engineer,3,7,Yes,1,No,15.968213712628657
83b62a9b-8eba-4aa6-9ab1-b2c990e478f1,Software Engineer,8,1,Yes,9,Yes,9.905732025816624
861c53a4-81b0-471b-aca2-0b8a89cd2097,Marketing Manager,7,8,No,9,No,16.031748465637122
5f6cdfa0-8329-41f5-8293-369b4919c46c,Marketing Manager,8,4,No,4,Yes,5.169662961814757
13a0f4f0-335b-40de-b95c-08025fb17f9f,Marketing Manager,10,5,No,4,Yes,10.871249931549466
a8e388b5-9a7f-452c-ba9a-c0b49680c9e5,Marketing Manager,9,3,No,7,No,16.954755702600494
22966c8f-fe29-48b6-9a61-4ef3a7e5680b,HR Specialist,3,10,Yes,4,Yes,11.665935200306134
2f918f8f-5192-4659-9f3f-54668501eb02,Data Scientist,6,9,No,10,No,16.174193379503357
b7566066-6821-4669-a755-895397c7f515,Software Engineer,7,8,No,7,Yes,15.17660937571975
055ab242-3f16-4bcd-b834-c66a370c1aaa,HR Specialist,4,1,No,9,No,13.6254008823043
95ec1181-17d4-479f-a6e7-81f81a2984c2,Product Manager,3,2,Yes,8,Yes,9.74014213297899
48a64d72-a24d-4bb4-9d4b-2c2974bb0268,Data Scientist,3,5,Yes,3,No,10.880094057212975
addc6555-43d1-45e9-8331-cdc0eac73638,Marketing Manager,10,9,No,6,Yes,8.983148868973405
d8aa831d-d958-4518-a1f4-9f07e93af499,Product Manager,6,10,No,9,No,17.63181436670687
6ba32091-02da-4ceb-b379-3bac75f5d51b,Product Manager,9,1,Yes,10,Yes,14.37095892200437
77b2e0ea-3b97-42be-a613-74b0d210f79a,Data Scientist,5,9,Yes,1,Yes,15.618956531015062
1d56ebb9-aa63-4506-b87a-9b065b96f54a,Product Manager,8,9,No,7,No,7.279436841948848
f9d51db1-27cd-4af1-8570-7de51d26b883,HR Specialist,6,10,No,9,No,5.965564994688794
7297d8b8-66af-4efa-a0e3-0fab3e052a73,Software Engineer,10,4,No,4,No,13.502414588455386
f69429d8-3360-43de-be31-8b3cf51690c2,HR Specialist,8,8,No,9,No,13.884588029319145
64d2524d-69ec-41f8-8f5f-ee9a7ce68669,HR Specialist,9,9,No,3,No,11.599224320628014
6282230a-5483-4dba-9ff6-d5adb018a681,HR Specialist,8,1,No,1,Yes,15.21739719630071
29781ede-1bfc-45a3-8656-7654b944dd3b,Marketing Manager,9,7,Yes,10,Yes,18.228134774706785
4ea1b7a7-ddb0-4900-8a32-765e6fc15074,Data Scientist,1,1,No,8,No,19.012092070991976
66e14398-bb8b-47cd-afb0-15ce1ca54a7e,Marketing Manager,1,3,Yes,8,Yes,16.883240313132866
21c10a79-8035-4e06-a795-ad18c91a989f,Marketing Manager,9,8,No,6,Yes,13.297221696378692
89744e49-e745-4461-96bc-e3a74687508e,Data Scientist,4,5,Yes,4,Yes,19.78621389255518
cf55e6d0-f160-4384-aef7-b7240b641f23,Software Engineer,9,6,No,6,Yes,10.75335658217418
100daaed-9831-40ea-8a6d-07fc273e9475,Data Scientist,3,8,No,10,No,17.790812529143146
c50ee99e-33d4-472c-9732-6650f58148a6,Product Manager,2,7,No,2,Yes,9.156622965873503
84f73277-859c-492b-8c28-687f6fb89344,HR Specialist,7,8,No,2,No,13.660709489234241
04cf5f9f-6a46-4cf2-ba78-079b6e108f1e,Product Manager,4,7,Yes,5,No,9.836021031191567
703fcfa2-d5e2-452b-b362-8c403554c7c4,Product Manager,7,7,No,2,Yes,17.549172349971936
0d97fa16-a029-45ec-bcf9-03ea77489358,Data Scientist,10,5,Yes,4,Yes,17.02515261104521
e50552f3-2c39-402e-9955-5c078a755688,Software Engineer,1,3,Yes,7,Yes,7.830695625295797
4f0ba774-6a24-4e4c-bc9c-224fc22ab3a8,Product Manager,8,9,No,9,Yes,7.454159247552265
99fe3d87-d98a-4006-b867-2f573686bba7,Product Manager,7,8,No,9,No,19.22340129007626
d2d82bce-57cb-4558-9ae2-5c57402d5506,Product Manager,10,5,No,6,Yes,10.478516872292413
784ac08b-32ce-41b4-8cb6-a6db3a80dbb7,Software Engineer,10,2,Yes,2,No,13.101364835993047
b2cfe8da-ed49-4618-a81b-c4fa86b6754b,Product Manager,6,1,No,2,Yes,14.751578673641593
18af1e91-b12e-4a6e-8963-91d1860e0811,Marketing Manager,8,1,Yes,2,Yes,8.920656805685137
640545a0-0fe4-4231-84f1-1057506aaa8b,Marketing Manager,3,5,No,1,No,7.587048090497517
ae776cab-69ee-4eed-ad4e-09212e6af572,Marketing Manager,6,2,No,6,Yes,9.720205967817368
20919bf4-6689-41ec-83eb-50e6a7bd0519,Software Engineer,10,8,Yes,5,Yes,15.891280916066686
d50fc4b7-e24c-413d-831c-c44ec76f9012,Software Engineer,1,9,No,8,Yes,7.8269313079693585
8b8b45da-7976-4eeb-b5eb-6ce09d2f7e9e,HR Specialist,7,2,Yes,10,No,10.573689527796073
f15475ee-da7e-434d-bb20-2e9057e2eea1,HR Specialist,3,1,No,2,No,13.918857688887698
2467850e-3158-4fb4-82e6-5bad8f84996d,Marketing Manager,5,1,No,9,No,16.81546354928442
69e6584f-823e-4264-802c-35690d6e5fbb,Software Engineer,7,4,No,8,No,19.31432228965148
eb35e13b-4c01-407b-a627-1786c06cda94,HR Specialist,2,4,No,4,No,18.08580341145835
7dc17aed-e004-4718-972c-5001be555f2d,Data Scientist,10,5,No,6,No,8.818888442633735
b9322917-3aa6-40e9-9d34-c5ff1fbf3515,Product Manager,9,5,No,8,Yes,8.858384764560407
10c9e009-d13d-4fb1-a42c-da70e2251106,Marketing Manager,3,9,No,1,No,12.951864589143653
ea1b212b-f9e0-48bd-83b9-df197260dd53,Product Manager,2,4,No,1,Yes,14.249150324117432
2be7f53c-bbb0-4dcb-9d70-51828950101d,Marketing Manager,8,2,No,8,No,10.494813699900522
1a3e3ff0-b707-4bc6-bb8b-d53236af3663,Product Manager,2,6,No,2,Yes,11.59995425131809
53c2b28f-a952-4ad4-95af-a1309111a9b0,Marketing Manager,9,8,Yes,3,Yes,9.768136290916665
7ef551b2-f8cc-4841-a1c8-c794f2c87a18,Marketing Manager,2,4,Yes,6,Yes,19.310191538792257
0ff30bc0-9e15-412c-beaf-a2be8330545b,Marketing Manager,6,8,No,6,Yes,14.433614347740392
16b14477-9784-4a1c-872b-14db3197e0b6,Marketing Manager,2,8,No,8,No,19.407595145973062
5fdcc0f8-ab2c-4795-99cc-3b6f5df01b70,Marketing Manager,9,8,Yes,10,No,18.18164592968604
e4522ca8-e7c9-43b6-a636-4c46ce1168f2,Marketing Manager,4,3,Yes,10,No,6.154191768185246
2665b1e1-098c-4b47-8b42-61e5b1d7aac6,HR Specialist,3,3,No,7,No,6.404533496993909
3a911431-800d-45c0-8707-0f54c9dfa1fa,Product Manager,9,8,No,7,Yes,5.0797706344821405
458a92cf-cfea-4ed2-82b2-520d8e5868ce,Marketing Manager,3,1,No,1,Yes,8.905696638735318
63252043-db71-4b7c-a1d2-daad63d8437e,Software Engineer,9,6,No,1,Yes,5.80558956612418
a7d99670-261f-4606-8bfd-dc27d72ba1da,Data Scientist,2,5,No,3,Yes,5.387306066194781
b6914385-b138-4b52-a8e3-6fde36d1a137,Marketing Manager,3,10,Yes,6,Yes,18.89214983658342
cf886e48-b8cb-4391-a88c-359609effbff,Data Scientist,3,7,Yes,5,Yes,10.178801709606073
c20d0421-adf5-4bf7-b372-dd3ffc354f4f,Product Manager,1,5,No,5,No,7.269056575772783
7e2f327d-b017-4305-ab7d-53a844707bd7,HR Specialist,5,2,No,1,Yes,17.898638648079306
b8323f13-3bfe-458a-aa9b-b130db0630fc,HR Specialist,3,10,Yes,8,No,6.194271395206982
06c9fe91-56a9-4d3a-88db-6ddfa12b35ea,Software Engineer,2,7,Yes,8,No,12.048552154940385
319545b3-ec39-4d1c-9efa-ade8599df417,HR Specialist,4,1,No,2,No,10.827000636238822
0f2f5cc7-403e-4252-811a-9ecc8139526a,HR Specialist,3,10,No,9,Yes,19.452589821775895
f734b16e-5fd1-4db4-88f0-775434f7d631,Software Engineer,2,4,No,10,No,15.015839214551235
399ea57a-c8d4-490c-b27b-d3c551dbedd6,Software Engineer,4,9,Yes,2,Yes,14.853587249042457
d7f3fc5a-f76e-475c-bb79-ad48ace68cdc,Data Scientist,4,8,Yes,4,Yes,19.483006371768976
c050aebb-93d7-4d79-8471-a37eeb1bad2e,Marketing Manager,10,9,No,5,Yes,10.801738877342906
c8c1d000-f821-4d24-817c-53c6634b10db,HR Specialist,10,3,No,6,No,12.606477899488528
9c067969-4cca-4a95-a9b1-bca7f538b8ce,Data Scientist,5,2,No,3,No,14.027597499793822
f0c81ce0-b67b-4bc1-88e8-58eb079680da,Marketing Manager,9,1,No,1,Yes,17.769949624881967
bd55ffd4-043e-4cb0-a47d-a75165e1aacc,HR Specialist,7,1,No,6,Yes,14.53494078659775
74ddfac1-e23a-4a5f-a592-4afb0a18c53e,HR Specialist,5,3,No,8,Yes,15.316515572169019
45f25c0b-5db8-458c-bd7c-526d7286c526,Marketing Manager,8,6,No,10,No,14.582739695576294
49c8af82-37c1-48b2-aa26-1d1f73ca0416,Marketing Manager,5,6,No,10,No,18.406091304866578
a3db1009-a7b4-469b-b6f3-55836e957bc9,Marketing Manager,1,10,No,7,Yes,18.44297049910888
86b61333-4aff-4882-b5c2-0ccbaae64d5e,Data Scientist,1,8,Yes,10,No,16.02287302392332
52f8b7b7-52c1-4dcc-9808-8d56235936d7,Product Manager,10,5,Yes,7,Yes,12.2079425742923
c55a955c-9e73-4694-b152-480508065e2e,HR Specialist,5,6,No,3,Yes,7.878960537747684
93648255-c3d7-4a6c-a9b6-df43be918636,Data Scientist,9,4,Yes,3,Yes,6.983015787735975
6f7db3e1-cc1c-47d7-af18-cc9db4de4489,Marketing Manager,7,1,No,9,No,17.759563374598898
940c90ce-de9b-43a5-804c-ce1c29d9eb71,HR Specialist,7,4,No,5,No,7.1971749847941275
725f99ae-ee17-441a-8cd8-d7823bceccd0,HR Specialist,10,7,No,6,No,14.111534414751718
3c220217-3e95-48a4-92ee-a591612a4593,HR Specialist,6,9,No,3,Yes,15.349484899759439
a42c6e2c-5bb7-4906-9bf8-19f6820919e7,HR Specialist,10,2,No,9,No,18.082107803253848
dc77516c-2032-4a60-9a0b-439b8316b0e5,Product Manager,9,3,Yes,6,Yes,13.179935170627877
4cbe37ad-e7d9-456b-b461-1335365f3334,HR Specialist,4,7,No,6,No,8.390850018896456
612f1463-1edd-4ce5-b29b-38594c0bc457,Marketing Manager,2,8,No,5,Yes,12.143874505585622
03737246-ee70-4aa0-9009-d56832b48e04,HR Specialist,5,5,No,10,No,18.167731758406873
a8b7a569-010e-474f-a398-0708ad94ca81,Marketing Manager,10,9,No,9,No,19.162538364208245
a5c6c0e1-baa5-45af-823b-8906a4b75cb8,Data Scientist,1,7,No,6,No,14.575959773519905
c362c64e-873d-4d26-844e-5e7265d079ac,Data Scientist,4,4,No,9,No,19.55718949607861
fcbd6bbc-5b3c-40de-be3e-f99d47649bc8,HR Specialist,8,8,No,5,No,15.19208100472947
874ca029-3c46-4501-ae5a-4042ef2cabc1,HR Specialist,3,5,No,10,No,5.867758360763098
ba583f9d-0275-482d-9f84-5193b44f6bab,Marketing Manager,8,4,No,1,Yes,10.436711543969597
cfa1320a-b715-42e6-8690-b196364e3fef,Software Engineer,5,9,No,2,No,7.453080131941152
42ea7c8b-531b-47cf-985c-b864ce4997b0,Data Scientist,10,8,Yes,2,No,12.414005835109325
f557d986-8ea7-4479-9f93-3be2877fed16,Data Scientist,10,2,No,9,No,19.788919858058453
101896d6-35f0-43ed-972f-05c77940479d,Marketing Manager,6,1,No,2,No,7.872429585130888
966225e0-aec2-4154-8b94-b850d5adbe0b,Software Engineer,1,2,No,3,No,16.60823182758285
e6b8c268-363b-4744-8d4d-805443429402,HR Specialist,1,1,No,9,No,19.871643836764072
c5e602a4-0cf4-4a73-ad36-3b22374b64ca,Product Manager,1,1,No,7,No,15.123793629659076
76be66e7-20fd-4635-87f3-6d72e4533953,Product Manager,6,6,No,5,Yes,13.827790882819171
814292b1-c81e-4845-acfb-a6fff2c52f99,Product Manager,10,5,Yes,1,No,10.135040955818276
92e4b50e-efe3-4192-a071-ce68f7215ed5,Data Scientist,9,4,No,7,No,7.575585175263757
216baba2-5757-43c0-a977-1915a621ae9a,Software Engineer,4,10,No,9,No,19.702773525192676
84db58d5-32e1-44b7-b6a1-2f15218f14fb,Product Manager,5,2,No,4,No,14.710418761766633
a18ba0cb-35cb-4a75-b799-2bee19153415,Data Scientist,5,1,No,8,No,11.425255289767726
c33bf0a8-1753-4c36-8ccb-fe89fa5ef8cd,Software Engineer,6,9,Yes,4,No,14.3688662022066
006dd08f-5ecb-42b2-bb21-7ddd5907711c,Product Manager,8,7,Yes,7,No,6.424172250307491
392ae083-154c-48d7-bde0-0487e82e30fd,HR Specialist,5,3,Yes,2,Yes,16.62293628948808
32aad0f6-f189-483c-a9e8-add595f4aa0b,HR Specialist,6,9,No,8,No,13.378119028303264
ec8cf3db-1df4-4947-afa4-72b255bb9eb2,Software Engineer,8,8,Yes,3,No,19.34308989555293
dee9420f-cf81-4294-811e-d202389ce1b1,Marketing Manager,8,1,Yes,10,Yes,17.41222679274682
164eeff2-54ea-4b4d-8f71-af9c576e8afd,Marketing Manager,1,1,Yes,3,Yes,6.648774804301739
e54d5301-8282-427b-8db3-e9e69494c782,HR Specialist,2,2,No,7,Yes,12.522282990358164
4f730eb5-60b5-4cfe-99dd-009046d39bb7,HR Specialist,8,3,No,8,No,13.582721964598651
e0843bcb-295f-4291-bf7e-a1a248c3ab80,Product Manager,7,10,No,8,No,18.97490046546305
645c9882-011e-43b2-9055-a8e6021628a9,HR Specialist,9,1,Yes,10,No,13.530405253929072
0698b91c-2dd7-48e1-b636-5533a57880f7,Product Manager,6,5,No,1,Yes,13.472582365912343
26a63ff2-5fd5-43fa-9a10-11e8b6880e6d,Data Scientist,5,5,Yes,4,No,7.050058350851803
41e95894-ac9a-4cc2-9b5f-cfeac8108daa,Product Manager,5,4,Yes,2,No,10.07825160828692
6063950c-c39b-4638-94c4-41188e340c40,Product Manager,1,8,No,1,Yes,18.247514455090528
2613ca0d-f78d-4595-a030-0f185a0f9998,HR Specialist,3,8,No,5,Yes,7.365707786343952
9f4895e4-3d61-443b-9b4d-0f93aac89e9d,HR Specialist,5,1,No,3,Yes,5.726104596734923
d520deb5-705f-4773-abfa-477f705f44ac,Software Engineer,2,6,No,4,Yes,6.328651633504594
a588faa3-c92e-4532-bc77-4c17cfefb415,Data Scientist,9,7,Yes,5,Yes,18.108878641101292
70390599-a8e5-4ec3-8c29-41fde04bbc70,Software Engineer,7,1,No,7,Yes,6.871251819657317
b3249d39-4143-4e55-a574-fbdb3c699e2b,Marketing Manager,1,6,No,9,Yes,8.03750630927367
75ad7024-7fc5-4b87-b88e-6024f0c5d0e4,Data Scientist,8,2,Yes,2,No,5.48572572712685
bb8086a2-8d84-4772-a8b1-e521782ad649,Data Scientist,2,4,No,9,No,8.565548441661331
791791a7-9c32-4e23-a272-dbd49b983739,HR Specialist,9,9,No,4,Yes,8.1284617321562
9bffbe28-09a2-4642-930e-1e2036de9c38,HR Specialist,8,5,No,1,No,16.385111637196566
1d1e2b7d-efd3-4091-b95c-648e05f70c8c,Product Manager,4,3,Yes,6,No,18.410078597753014
2a56cc28-b42f-4b4a-8bce-bb0085ce4f3e,Software Engineer,3,2,No,10,No,17.875324444632426
7c493508-e21f-446d-842f-433a2f5d058a,Marketing Manager,3,7,No,8,Yes,6.670633730883398
95e9946b-98fd-404b-8431-d76b3419a481,HR Specialist,1,4,No,8,Yes,7.745188640827214
2123bfdf-15b7-47af-9ffc-edbc43cad454,Data Scientist,2,4,No,5,Yes,17.527173219471646
f81a2c3a-a592-4029-9e94-304cd87bf05b,HR Specialist,3,4,Yes,4,Yes,18.361529812313893
5112568f-fad9-467a-9b31-0dadf472820f,HR Specialist,5,4,No,4,No,13.638164846660825
7b75c6f2-bc41-4fa4-8b8d-03d34e776f6a,Product Manager,3,3,Yes,1,No,14.323667945281219
80a8734c-542a-49a6-9b84-407d09e220f2,Software Engineer,3,4,No,3,Yes,7.482713747818483
4c889094-b803-4f6e-be8d-35583fef2968,HR Specialist,2,3,No,5,No,13.859465110692447
4101a0ca-a2fe-4087-a9b8-d93352acecde,HR Specialist,4,5,No,2,No,16.919907650075057
99357068-1a7a-47a8-b3bd-73015d4cac3a,Software Engineer,5,2,No,9,Yes,13.754241279384049
80530add-054f-4d52-8a78-365941f9080b,HR Specialist,2,5,No,4,No,8.210294782745194
2d60c6bf-df34-457b-827e-e65e50662dcc,Software Engineer,6,7,No,2,Yes,14.71541487325147
9224a7c4-c717-4ccd-a8bf-6a1b300d6813,Software Engineer,7,4,No,10,No,5.985248367904507
f9fa3c96-992d-4d69-8553-adab704500e6,HR Specialist,4,8,No,3,No,16.531393033674604
314fdb3b-2c51-438b-9e33-3f99518ddc1b,Product Manager,2,3,Yes,3,No,17.59770332430765
1ad99c77-202b-4cbf-a40a-9b429076f909,Marketing Manager,6,1,No,8,No,7.311510342763176
d723275c-31c3-47ee-9864-d8370c6114d6,Product Manager,9,2,No,5,No,10.732256002640888
1c237258-698e-443d-b2e6-128da3bf5949,Marketing Manager,7,7,No,1,No,19.02639855091301
08766869-adb7-4d45-b201-e9f928a75d99,Data Scientist,4,5,Yes,4,Yes,14.41810778021579
bf74a734-33c0-41e0-8bb4-0f39f7e2540d,Product Manager,8,7,No,10,No,18.8076780298658
f8a4be23-9e92-4389-9ccd-4d5e0079093b,Software Engineer,2,9,No,7,Yes,8.936713133200334
b38b2e34-8bf7-49e8-94a5-5f9ea378965f,Marketing Manager,8,4,No,4,Yes,6.249082436133573
3496c3df-3404-4956-acce-d6378271e154,Marketing Manager,8,7,No,2,Yes,11.352706899641104
50dae9c2-bfd1-4e3b-b7be-e9cf1b37fcd6,HR Specialist,5,3,No,1,Yes,11.797068086405845
ecb00c0b-05f1-4b48-9ba0-aec5d4944bdb,Software Engineer,7,2,No,6,Yes,11.839669352014257
303b5704-3ff7-4756-9023-54a790faa72c,Marketing Manager,2,3,No,10,No,6.001196779743429
db689ead-b553-46dc-bcaa-ba46f57720ec,Product Manager,6,9,No,5,Yes,6.996007714369535
f5661af1-bcb8-4c34-915e-060ab5f11c28,HR Specialist,3,5,No,2,No,13.732000365657065
21caf868-51a2-4f8c-808d-428dd4a31dd5,Product Manager,10,7,No,5,No,14.24518830445078
7883c0d2-ae4b-410c-9930-2748680a2f1b,Marketing Manager,1,1,No,7,No,6.145644206761306
28d7fca2-a343-4403-91f7-589e52509b80,Software Engineer,8,2,No,10,No,6.734633159537991
2a6bf410-0dd6-46b4-b84c-73de21f9fb0a,Marketing Manager,4,3,No,3,No,16.114375998316874
69a88497-eda6-4fe0-8638-5ded59ecab6d,Software Engineer,10,5,No,4,Yes,15.908338634507762
21ae50dc-2214-4257-b3f5-e3dc168269af,Marketing Manager,6,5,No,7,Yes,10.165175511684405
72086771-5ee6-4a51-b0fa-7f5321a99be9,Data Scientist,9,4,Yes,6,No,19.875665954190623
3c7b8c26-df19-4337-9ef9-910f82d12dcf,Software Engineer,10,8,No,8,Yes,8.60995662751866
00c745a2-58eb-4f51-afd9-a210fc17c841,HR Specialist,6,5,No,9,No,16.144896492090744
e09a9078-21c6-49e1-a4ba-2452754e15d5,Product Manager,8,5,No,8,Yes,9.91871442611101
aaf58d27-1626-4617-9a73-b5f50fbad67a,Software Engineer,10,4,No,8,No,14.82011627987822
a5906d9d-3703-424d-818b-510861dd378d,Marketing Manager,6,7,No,7,Yes,5.605733331679118
7db30d41-2678-4467-ba64-2d034746ddd8,Data Scientist,5,8,No,4,No,9.677009118246419
be346d4a-2dcb-40d7-9714-fda06e86c394,Data Scientist,1,1,No,4,No,17.492439028003435
0f710efe-3c20-49c5-a1f0-909a8035732d,Product Manager,7,10,Yes,1,No,13.27184280336611
0203b007-f1cc-44e4-9dcd-8fe4b28383be,Product Manager,8,5,Yes,4,No,9.740350212553906
5bf290f6-3e8f-4bee-9202-ba873238f90e,Software Engineer,8,2,No,8,No,12.22241558051136
be6ac136-e7d4-48ee-8f86-28b503eb9413,Data Scientist,6,4,Yes,10,Yes,8.7920020375746
dcdf7903-849e-47a4-8f35-7a9c89202f66,HR Specialist,10,4,No,3,Yes,5.908580733949023
98557bf9-8442-4951-9e4a-04239c70562a,Product Manager,3,10,No,9,Yes,10.391512301386996
146e47c3-8b3b-4a03-821d-1df41b6ea7e3,Product Manager,3,6,No,7,No,18.800859824992205
4398f19e-e5fe-4a9c-be3b-e5519eabaf23,Product Manager,2,7,Yes,5,Yes,7.310839796080375
d37e8302-2e8d-4a8e-b6ca-4cacfcd2a17f,Software Engineer,8,8,No,5,Yes,16.26758270178451
430a4abc-3d0a-4154-9e27-3b1b0fae9d99,Data Scientist,2,6,Yes,8,Yes,12.228074011029797
1a31bca8-77f9-4eee-aa96-317df94d31ae,HR Specialist,8,3,No,6,No,8.952214923641474
8976e63f-efdc-4cb4-8b92-3b25fc85ac2e,Software Engineer,3,2,No,2,Yes,9.113619365126631
df4016c2-2e6a-43fe-af60-17ec36987d41,Product Manager,6,8,Yes,8,Yes,17.54020939238668
3006bee9-a747-4a77-80a5-1e9734458b85,Marketing Manager,6,3,No,9,No,15.475762858303815
33847efa-278a-4742-bacc-b69b7b529b0b,Product Manager,2,1,No,3,No,12.269530338937741
96934f1a-4612-4d1c-88f3-3fa703c3024b,HR Specialist,2,10,No,4,Yes,5.879752010641866
fcaf8f0a-1e50-4f57-933a-730f236fbc8d,HR Specialist,8,4,No,9,No,7.939795242362743
5d754544-7ef6-4851-b064-36ef693446c9,HR Specialist,5,7,No,5,Yes,15.1091135178565
15cecad4-4758-412d-b2ae-e62a65fd89ba,Software Engineer,8,10,No,10,No,8.984653692657627
fc91439d-98c8-46dd-83af-624e4c78a8ef,Marketing Manager,8,10,Yes,9,No,17.520947958183434
331dcb21-fc7d-49ed-b390-342f3968e75e,Marketing Manager,1,6,No,1,Yes,17.718860107128773
685f15e0-b999-4cdf-8e7c-b85889982388,HR Specialist,8,9,Yes,3,No,17.11588341440659
78410b81-2fe8-46ee-b735-59b9c7502dc0,Software Engineer,3,2,No,6,No,15.450421161656728
28d30aa7-e9c1-4b85-9a2b-793857f35f49,Software Engineer,10,2,Yes,9,Yes,19.82416534566937
6dfd08df-e121-4092-9c73-fe6a43096c88,Data Scientist,6,8,No,5,Yes,11.862924850622756
9983203e-84f5-487a-92f2-aa4d7340db2d,Data Scientist,9,1,Yes,5,Yes,16.355587238110655
908777d1-ba16-4a7c-8a3e-bb2ddb964bee,Product Manager,6,4,No,4,No,12.307477248327492
0ab6195c-7600-4ae0-9f55-e52a3b29557f,Software Engineer,8,6,No,5,No,18.21263909837228
b34dc1d9-3675-4532-9d43-821410bafb5f,Marketing Manager,7,6,No,8,Yes,15.837798014802985
73cedb37-e4d3-4982-8e9e-e71a21d06244,Marketing Manager,10,5,No,4,Yes,6.344187345250948
f29076a5-dacd-4c4e-a661-35f6092efcd1,HR Specialist,10,9,No,2,No,10.837635777213215
488d1229-61d3-47a3-82ad-d9145ddfb61a,Software Engineer,9,1,Yes,6,Yes,12.584410301028203
57fedac2-4f6f-4e1d-ace1-73f2370f32e7,Marketing Manager,5,1,Yes,2,No,8.91246553238582
1ed3a049-a696-4f14-8bba-075f81e35d64,Data Scientist,7,9,No,6,No,7.7259818955079025
125bdb32-fb54-4d36-aad2-7d6d81d33b85,Marketing Manager,2,4,No,5,No,7.673683932246783
659bef6c-b8ee-4161-a90b-d0e1fe55ae8b,Marketing Manager,4,9,No,1,Yes,15.359818663341702
ef3352a5-f625-490a-bc70-b218425bedf2,Marketing Manager,4,10,Yes,6,Yes,19.307992280833844
2d7dd4e1-f077-457f-acae-37b955300530,Data Scientist,7,3,Yes,9,No,7.358690181220498
4315952c-1d3a-41c1-b3c7-d7f79ed0cfa6,HR Specialist,8,1,No,9,No,5.100481358670303
b3d54937-2be3-45d9-8236-1f0a313a3c28,Software Engineer,5,1,No,2,No,17.8535870354214
8a8dd22a-e6aa-40b8-9fad-a70864fca624,Product Manager,8,10,Yes,8,Yes,16.773288481078893
2b748b9b-69c5-436d-830b-8cc3c038cdc9,Product Manager,5,5,Yes,4,No,16.92447519591771
e963be23-3df5-431a-aead-b9966f016e58,Data Scientist,5,3,Yes,5,No,9.660966829212306
45f265fc-b68d-4661-a160-9e9c5f7ae28d,Marketing Manager,7,8,No,10,Yes,18.074188789195397
1d3d57a0-4df3-4d40-8da0-c563f67c7abf,HR Specialist,4,6,No,4,No,19.16165828268985
55738095-4a7a-4c13-9437-155d6416f1ad,Software Engineer,4,10,Yes,7,Yes,7.394677336303105
844ced08-4e00-4b9d-8b09-a78c1a834795,Software Engineer,8,2,No,7,No,5.199085577748665
249192a2-fb6b-4876-aaa7-26b6022dd42d,Marketing Manager,5,2,No,9,No,11.188764503281725
38006595-c8a0-48e2-b5aa-caab926d181f,Marketing Manager,4,1,No,10,No,14.911942926668912
1a34bf2c-0a10-4d9e-9a26-958e81b8422b,Marketing Manager,3,7,Yes,2,No,11.220449535141327
608835f3-8b5e-4ca6-905e-3eb039a4467f,HR Specialist,6,5,No,6,No,5.672970882951798
5441e5dc-0de4-4891-b152-c017d6edc852,Marketing Manager,2,10,No,10,Yes,11.164910844428476
077b3471-953b-4322-a1dd-755fda5a69f3,Software Engineer,6,8,Yes,3,No,15.529979121171753
448697ed-d190-444f-9521-b9be0002286b,HR Specialist,2,8,No,3,Yes,15.50077309817006
df5344a7-749a-4860-b021-64f7a6aa0c56,Data Scientist,4,4,No,1,No,19.177957746600924
dcaf8517-1882-4d8b-aa27-ba6719f6a4b3,Marketing Manager,7,8,Yes,10,Yes,10.10157286600296
55fd4188-2878-491d-aeb4-11b6a6a82c2c,Data Scientist,2,3,No,2,Yes,10.401223571150886
129d1bf0-88a3-48c6-b02e-ff0bf3dd8279,Marketing Manager,7,1,No,7,No,10.005631842041442
ed2742df-c7a0-4329-8f91-5a7f75ef96fb,Software Engineer,2,4,No,6,No,9.657536885938873
bd6e2af1-7323-435d-ad12-d4288a754ebe,Software Engineer,5,9,Yes,1,No,12.928118865810248
952f61b4-c06d-4511-a2e6-c62af65c954d,Product Manager,3,7,Yes,10,No,6.150615273272395
78c4c0e2-574c-453b-a8fd-23fa915c3a5c,Product Manager,8,6,Yes,7,No,5.38488609360051
79795a94-2493-4787-8e87-9569bf4ae93f,Software Engineer,9,3,No,10,Yes,9.992323237748671
da80fe39-c9a6-4fab-b585-b7d019eb4c8d,Marketing Manager,3,7,Yes,6,Yes,18.365198903927983
2d1f029d-6c27-4509-ae7e-c04a5a25e7d3,Data Scientist,6,6,No,10,Yes,6.916545354989674
6991cfb5-1446-4544-855e-9374e87e101e,HR Specialist,8,5,No,7,No,12.457711253578502
36174b6c-cc80-4203-8802-b53f9a8fbd8e,Product Manager,6,10,Yes,6,Yes,17.9577597399916
b7d96242-4264-4770-8d5b-30915de28c95,Product Manager,10,1,No,8,No,6.331632951852301
8976ad30-8f11-444d-83da-bd33e62d7e3d,Data Scientist,4,4,Yes,7,No,6.398074801959143
55819798-8db2-47ff-bfdc-9ed9dcefafcb,Product Manager,4,9,No,10,Yes,19.71292797700537
70492dcc-497a-4e7d-9f54-ff0e5a9faaa0,Marketing Manager,1,5,No,10,No,16.674801861999033
b4356733-ceae-4f39-a5a7-05c89c2fe8aa,HR Specialist,10,3,No,5,No,9.758367103733834
6fec20f1-3b61-481b-829f-7d37f2e6bc81,Marketing Manager,9,10,No,3,No,17.95985993127704
58099bf1-10d3-4c50-a9cb-2fa0a1ac4013,Data Scientist,8,7,No,5,No,6.6877088757201495
a42eb616-7e4a-40b3-8706-997c574843bd,Marketing Manager,1,3,No,8,No,7.222572910902074
d05d79c2-41aa-40dc-a5ca-050410614829,Product Manager,2,1,Yes,9,No,6.655575252115869
bffbbb5c-6b71-4585-90b0-fe621b3a06a1,Data Scientist,3,7,No,8,Yes,5.071426413082071
75f3546b-db9a-4921-a38b-4518f686946c,Software Engineer,7,4,Yes,7,No,7.053121982208809
6c2571f4-807d-469d-97f4-ce7f6326165d,HR Specialist,6,10,No,7,No,8.00172904087151
64c8a30b-2a56-4367-ae07-9370ace2d70f,HR Specialist,8,6,No,5,No,6.821287394233161
6df9d6d7-941a-4c72-94f8-89ecf6fea6b3,Software Engineer,6,7,No,2,Yes,11.809619330162878
44bdc20f-99af-4d26-a01d-bf5879f69585,HR Specialist,8,9,No,10,Yes,6.589495801234975
619464e9-a735-4bea-9a8f-d70c410d2012,Software Engineer,9,3,No,4,Yes,14.634520235013873
4e55cf29-042f-42a9-990d-a70f68a4a8f8,Product Manager,6,4,No,7,Yes,18.51361353508225
57c340cd-b997-4868-922e-e5a1e9f1fc6e,Marketing Manager,9,6,No,10,No,8.718210944848792
2c56ec0d-42d2-498f-85c9-4953db3e1f95,Software Engineer,8,9,Yes,2,Yes,18.526551371858403
466a4de4-0d16-4ddc-98ff-74ca305a63af,Software Engineer,3,4,No,6,No,16.69795865859298
3d46bd9b-4ffc-404d-9a19-4d4354d29b47,Marketing Manager,10,8,Yes,4,Yes,16.56084612390253
1def00a4-9bbe-4baf-8489-113c11aff457,Software Engineer,1,8,No,6,No,17.017168931831172
f3765bfa-b36e-418b-8d55-9c18787e06ea,HR Specialist,9,10,No,5,No,16.404478758665277
d7919efb-e3a6-4173-830f-41ddaa98f849,Marketing Manager,5,10,No,5,No,13.677493779201065
8e5ca0c2-2f13-4c1c-a0c8-b04ce24e1f27,Data Scientist,5,3,Yes,3,Yes,7.242992166457007
1b07fdb6-4c4d-47ca-a33b-da2e2cb264a4,Product Manager,2,7,No,4,Yes,10.810502740864186
d42b5de5-5a21-47d8-af20-f8f9a6e2729c,Product Manager,6,7,No,4,Yes,17.08397698483003
16d4dd2f-1b8d-48f4-bae2-f277c8b5d37a,Software Engineer,1,8,No,10,Yes,9.861459409849477
405a45e1-26a9-4ffe-b424-e52fe6d7b549,Marketing Manager,1,1,No,2,No,15.864744427948933
14eb727e-4370-4922-8928-c5c1b4a19d98,Data Scientist,5,7,No,2,No,13.331966679746081
ba86cff2-e339-4884-91a8-21c25bc14caa,Data Scientist,4,1,No,6,Yes,15.938795172603548
43242576-f06e-4d80-9cbb-caf893f7b923,HR Specialist,9,8,Yes,3,Yes,18.309003403614014
4321d3cc-c073-4ec3-826e-df3b86acc120,Data Scientist,2,7,No,7,No,7.766760027659133
fedaeb79-43fa-4cc0-a8ee-e642f1f7d62e,HR Specialist,9,10,No,6,No,10.380533070754694
e8e771dc-daa3-45cd-897c-f7c5c5cafd2d,HR Specialist,4,9,No,7,No,19.270648472193
d49607c7-23e2-4cb5-917c-f62062224e52,Marketing Manager,5,9,Yes,1,No,17.289019689392795
eff44fc6-2d1a-468f-8f65-9bfc9ead4e45,Software Engineer,5,4,No,5,No,7.264203498683379
d94bb0a1-5489-4353-b5ef-1f65cce869a5,Data Scientist,6,10,No,2,No,10.875912455486384
53ea7947-06dc-4382-b81c-4e7871defffa,Marketing Manager,4,5,No,1,Yes,13.74590501644347
57acf925-2fd8-4e15-860e-e06492470b2d,HR Specialist,1,1,No,1,No,14.095660464230589
b89830e5-7499-4146-82d3-a5ce37ad478f,Software Engineer,6,6,No,8,Yes,12.286468413464533
3dad04ef-5ddc-40dc-99dc-876dd5dee7f7,Data Scientist,2,7,No,1,No,16.990779204223628
32a379ec-6546-4d16-a632-fc6081aefb85,HR Specialist,5,5,Yes,2,No,9.568400739375836
e393c156-42d7-4908-bb5a-1baa7b3766d6,Software Engineer,9,4,Yes,5,Yes,10.326101892371963
37ab759c-1c63-4dc0-b1a3-8bbbdddb9f71,HR Specialist,7,8,Yes,9,Yes,17.88757706603996
dd5be1ff-2379-4536-b27f-fe8f6fbf9a2d,Product Manager,4,1,Yes,5,Yes,19.237945498735534
87fbf857-aedc-4417-8140-6d7a47951bc7,Product Manager,8,6,No,1,No,16.38888437144021
6a3fd145-30ff-42e5-a256-248e9322bfd9,Software Engineer,8,3,Yes,7,No,17.37723360080698
ff511824-99e7-4327-a244-8123277767fc,Data Scientist,3,10,No,5,No,8.60858115729701
50c06e88-513a-4fef-9c9f-241a381949c2,Data Scientist,9,2,Yes,6,Yes,14.9612878256868
6804ea0a-aca7-4bc8-a807-c2ed95848846,Marketing Manager,9,7,No,3,Yes,5.763153411176319
8e8e46f5-99bd-4919-82b4-c06a8677e5a8,HR Specialist,5,3,Yes,4,Yes,16.553913593410023
d4e24e0a-bf37-4b99-b4ae-e6d2a44d6343,Software Engineer,8,3,No,7,Yes,6.782202346465182
36a1be32-608d-4089-ad18-d1d288f57b8b,HR Specialist,9,7,Yes,4,Yes,16.74569262570912
d10f5f38-4399-402e-93c7-f3c6d6c18a91,Software Engineer,9,7,No,8,Yes,16.662334065475907
7d8474f1-ecde-436a-9ebf-5fe6f6305e08,Product Manager,5,2,Yes,7,Yes,11.144922173992333
1e9ef879-9513-44b6-9dd7-ce0418b75f65,Data Scientist,8,6,No,10,No,9.794643002971444
eeb135b0-3352-4644-b0d6-58d5fa99f38b,HR Specialist,9,6,No,2,No,16.117539780464842
19fd2887-a095-487b-9f71-59c741ea03d6,HR Specialist,1,9,No,6,No,19.87259323130575
68d23588-8e3d-44d8-bd2c-d815961e21b3,Data Scientist,7,10,No,2,Yes,15.3697909539404
1548e786-c104-48eb-8521-fd3399320528,Marketing Manager,7,9,Yes,7,Yes,15.783942957120997
5e62bc2a-3cb5-43ee-92e9-49a72b299f21,Data Scientist,8,2,No,10,Yes,18.342459980814745
c8e5a026-ef8a-4dc8-bdf1-b6a53232003c,HR Specialist,4,5,No,7,No,5.417552607293359
53e1468d-19b2-429c-9c5a-ca744a8249e5,Data Scientist,9,2,No,2,Yes,7.583118072300081
990978e2-daa3-471d-b1dd-b4b008f2889b,Data Scientist,10,5,No,8,Yes,18.661465411225127
d17c5d8a-90f9-41d1-95f9-8edc5971799f,Marketing Manager,2,8,Yes,6,Yes,5.106458740059226
fd3eae19-6b4b-4244-8d97-0eb42f5da273,Data Scientist,6,1,Yes,6,Yes,12.511250366748847
3b905f70-09c1-4be2-a7fd-d027387102d9,Software Engineer,1,2,No,9,No,9.392694269850002
54da79e5-5382-4fbf-9b96-fde4a946b401,Product Manager,4,5,No,10,No,12.60185150425367
a28b6a63-374d-4c17-97a6-b6b994d38247,Product Manager,8,8,Yes,3,Yes,6.7611018852376725
50db9d31-0e8c-48b9-8e34-f697b09fd2e5,Data Scientist,5,5,Yes,4,Yes,5.599990349576759
4703f1d1-a423-4d32-9868-4d4d6bfec0f6,Software Engineer,1,4,Yes,8,Yes,9.727710284809078
70b16c65-37cc-4933-ad3c-1dfdd76f75e3,Data Scientist,1,4,No,5,Yes,11.736601206360344
b99bf097-ca09-428c-84ab-b20520f18ac6,HR Specialist,4,5,No,1,No,13.36364031804848
5b5763f8-43c8-4e1b-969f-f6a70214d5c1,Product Manager,7,10,No,4,No,18.13592286716851
d55cf16b-49d8-4caa-89a0-47a1fb711b63,Software Engineer,7,2,No,6,Yes,14.495531822535774
8ad5ae4c-75ed-42fc-bc4b-840df4660e6e,Marketing Manager,3,2,No,1,No,12.95129013378596
1bf98731-0e67-4a91-81a3-31734a18eff2,HR Specialist,7,2,Yes,10,Yes,16.629740897791514
2aef0945-2a8f-47f0-824a-0a3b039c675f,Product Manager,9,4,No,8,Yes,9.314222666102257
fd1afa6e-6532-491c-852d-2e1fdd0b9efe,Data Scientist,9,6,No,4,No,18.88555383095239
c2da9e03-7d26-4084-b2e2-4ccb2c402897,Product Manager,6,6,No,4,Yes,13.545770217500099
eb137a78-acb1-4c09-8d55-0f30313cfcc7,Product Manager,2,1,No,4,Yes,12.989950146460117
2b50fb52-4c09-40a0-abdd-281674d4e584,Software Engineer,3,1,No,6,No,11.047928436609615
0a7e1342-592b-4de5-a621-a9e42f00a0cb,HR Specialist,8,9,No,8,No,15.249907460103067
7d184939-dce9-4b46-b0e2-46e796af6f93,Product Manager,1,3,No,10,Yes,16.756157720226646
dda6b9ed-7f7c-4d65-bfe8-70a880a559fb,Software Engineer,4,9,No,1,Yes,9.903968850348196
0757c882-cf1f-4abf-9ae5-bc883a3d0931,Software Engineer,3,8,No,9,No,14.018365672865793
761bc102-3b51-4a98-9a0b-1c7440ee78de,Marketing Manager,3,6,No,7,Yes,12.078458166924564
b3a62df2-154f-404f-9b10-7bcd4f1a9b62,Marketing Manager,9,6,Yes,2,No,14.324328831733515
78c6b324-33db-41e3-816a-04a38b5a65cc,Software Engineer,2,7,No,3,No,5.612010332365657
4e411046-6512-4408-af43-6665484f17e1,Data Scientist,5,9,Yes,4,Yes,19.168092135048873
12c05517-ea69-47b3-a3f2-95b6cf8e88ba,Marketing Manager,6,10,No,7,Yes,16.026461545374993
46e1e208-29bf-4392-ba64-0e99ecaf64b7,Software Engineer,7,7,No,6,Yes,6.7534666529809595
d612cf49-470c-4fe2-beb5-59e552f96c73,Data Scientist,9,5,No,4,Yes,6.723367634457167
f85a144e-52dd-40fb-bb85-d1b940f9b2f1,Product Manager,3,10,Yes,5,Yes,9.76155128099915
350f33b2-8571-498d-ad5d-510d334ca6d5,HR Specialist,5,8,No,10,Yes,12.641142743008764
ada1cba0-c554-4127-9e60-5e03e353ccd5,HR Specialist,9,6,No,6,Yes,16.161896240401326
e0786c6e-4935-4769-bb59-d62982fc1583,Data Scientist,9,9,No,8,Yes,11.08076013460759
d62734d9-7e68-41e8-ba01-f6e9e4390add,Product Manager,3,8,No,7,Yes,7.804664123884109
1d9b0273-cc07-471e-9601-e906a4cf8d33,HR Specialist,10,1,No,1,No,12.337820431436766
80eea98f-564f-43d9-9259-2e4a73aeb07e,Software Engineer,10,8,Yes,8,Yes,11.829338830727506
32806b28-5cd0-4e02-82ed-e751f91caa8e,Data Scientist,10,8,Yes,6,No,5.233434415778989
ab66e29d-af57-4941-851b-ccfd4b5a4a19,Software Engineer,10,4,Yes,4,Yes,11.556797921317802
29b0c9a9-bcea-4e17-a48b-99d2070408ff,Data Scientist,3,1,No,7,No,14.924218069704466
dfb2432f-ed99-4873-8340-944602c1f6a6,Software Engineer,10,5,No,6,No,8.128299336449523
4aa85a2c-f421-4fe1-8fbd-f210c369d2c8,Data Scientist,4,8,No,5,No,6.532708726233998
d0ec9577-7e7e-486b-88f8-f3693045da9e,Data Scientist,3,6,Yes,7,Yes,14.5965797932622
814de5de-9238-4a96-b0f8-ad2b63554870,HR Specialist,4,9,No,10,Yes,14.500037907147242
13c27b22-806f-4218-be17-6c0d42da4863,Data Scientist,4,1,No,1,Yes,6.654150615247149
cbd7c77d-9ab2-42a4-8e7d-e832c5932371,Product Manager,8,4,No,6,Yes,5.673201442932304
6066ac32-ec69-42bb-bf7d-0a690265d62e,Data Scientist,5,1,No,9,Yes,10.016106391728158
487ed981-f794-4d5f-a96a-8918f548655f,Marketing Manager,5,7,Yes,7,No,18.027616826817326
97fe075b-559e-4f37-9cb4-bf83dc44a401,Marketing Manager,3,10,No,3,Yes,8.43663684987538
c0bb16f4-0f50-4dda-b1f5-85629e1967cc,Software Engineer,10,9,No,3,Yes,14.961971688049037
d3e37911-6dbd-43dc-a9fc-d8c51a292152,Data Scientist,4,10,No,1,Yes,15.206927488258335
102a35ed-008d-4e6a-b12a-822868b46067,Data Scientist,7,2,No,4,No,6.458298970559278
a4c109ac-e9b0-4121-8125-34ae544cdbbb,Product Manager,1,9,Yes,10,No,5.880694192765526
72d7b046-639c-4c36-9955-b368e3b6aa7d,Marketing Manager,1,8,Yes,10,Yes,13.207900268047545
39635925-5c04-4e51-8001-c9181b3b34cd,HR Specialist,6,10,No,9,Yes,6.695248921419424
10d4f686-60af-4f74-9fdb-71e21c82114e,Marketing Manager,5,2,No,8,Yes,13.140186480171623
c369b9a6-75e7-4f89-92ac-227068cc8b07,Product Manager,1,9,No,2,Yes,17.293590886946085
b517b908-6bc6-4bc6-b368-7745a550c03f,Data Scientist,3,2,Yes,8,No,11.242771654569255
c41a491a-0107-4263-802e-02fcc088fd18,Product Manager,9,5,No,4,Yes,17.086639684201856
8da177eb-390f-4c8e-9b26-322753ddb3c3,Software Engineer,6,9,No,2,Yes,17.658341678514326
ebd80314-14ad-4f3a-ae70-49232035e90d,Data Scientist,4,7,No,4,Yes,19.180548873930835
314ebe1e-15c9-4555-a9e0-a3a6d085e8a2,Marketing Manager,7,5,No,4,No,6.930277367515883
3081826b-7bed-4b2c-b99c-4392bd078ed8,Product Manager,7,5,No,9,No,10.477356664983835
71a2c7d2-0f51-4067-95f8-24e3b5247450,Software Engineer,9,6,No,2,No,10.20252341132078
e0f89602-2b89-4892-bcff-319cb707f5dc,Software Engineer,8,6,Yes,6,Yes,14.832934858181014
df214f58-bdef-4736-9dc0-fef03faae1e9,Software Engineer,5,1,Yes,3,No,6.296048020126099
a22ff64a-2fdf-416c-97f4-8c7dc29465ca,Product Manager,3,1,Yes,9,Yes,8.06089034105081
7620365e-761a-4656-bff6-63ae156bff4d,Marketing Manager,7,9,Yes,3,No,5.163466024393271
14df8899-a905-443d-b4fc-a6821b092969,Marketing Manager,10,8,No,3,No,12.877471865305939
b7998cc6-0a3a-4fc0-9ba3-5371156c08c8,Marketing Manager,9,9,No,6,Yes,10.143441184167076
44cf6e18-e457-4737-a5d9-c67846348cbe,Marketing Manager,3,6,No,8,No,6.916069693146546
a1c39756-1738-41b4-85b0-6571c6a7a027,Software Engineer,9,3,Yes,10,No,11.606909057576745
53da5d7a-1809-4f69-9316-06c3bda98bf1,Marketing Manager,5,3,No,9,Yes,19.314342095067197
5d7e32fc-8b72-49aa-8f24-31e160a763fa,Software Engineer,4,7,No,9,No,17.295290673489767
04c60d42-e09c-4942-a778-80bf1928e725,Product Manager,4,5,No,4,No,8.158061940480232
736c1164-54ad-434c-a38f-1d7007112fb6,Product Manager,6,9,No,5,Yes,5.487636743869428
6a96d326-f357-446e-9e4c-b48189fd11bb,Marketing Manager,4,5,No,6,Yes,10.188906830229197
027655ba-efdb-4bd7-97f5-d3b743169c8e,Data Scientist,5,9,No,3,No,12.925783089898424
a0429519-9deb-4ed1-bc63-183e4c2787a0,Marketing Manager,10,4,No,2,No,8.579612662227362
08c40a33-4a3a-4ea0-8fa3-69b3bc15d9c2,HR Specialist,4,1,No,1,No,11.318741464090941
54a02b86-10e9-4ca0-a155-7c45a15e261f,Marketing Manager,10,1,Yes,5,Yes,12.147364172120238
c5785dca-7aba-4d47-a93b-461349147681,HR Specialist,9,6,No,2,No,17.534106151831583
2ab57fd6-dbdf-4189-a959-fbb468cd174a,Marketing Manager,6,1,No,3,No,10.295250858273445
3e61ff59-503d-4e92-8ed2-5fd8fa6a4e6b,Software Engineer,7,1,No,10,Yes,9.365776678537749
e848d02a-6887-41d3-88d0-f0de775f6362,Software Engineer,10,4,No,6,No,17.28449732389936
75929f25-868b-4dad-996e-c8ea53c94f7b,HR Specialist,4,3,No,3,No,12.892360143701634
fc5a32a6-3226-4ded-bcaa-a97fcce8b0d0,Data Scientist,3,5,No,7,Yes,11.816246392237353
64460bac-5b8e-4e5e-a3e9-ee6e58c1e745,Software Engineer,2,5,No,7,Yes,11.897964816236263
7e3d47a3-24ce-4287-8f68-456a9b0678ca,Data Scientist,3,7,No,2,Yes,9.936452332291552
92cef186-02d8-4013-9142-b66b9fc846c3,Data Scientist,7,10,Yes,2,No,12.67042543477791
0ac595b4-3ca4-45f1-8a93-caea0006912f,Marketing Manager,2,1,No,3,Yes,15.891682809114084
e2b5881b-439c-4a83-84e7-7253416a0325,Marketing Manager,1,10,No,7,No,18.79262917040184
1d42b0d7-4fc7-4977-b182-e682e4dac0da,Product Manager,5,9,No,5,No,17.65819125466942
a56a98a2-c179-4255-a4cf-ccfd763728f3,Marketing Manager,4,2,Yes,7,No,15.145555031755023
6eeebcb7-fbc3-414d-90d5-8b8a5dfd04cb,HR Specialist,5,4,No,6,Yes,15.135206097681932
93165722-703f-4924-bc9f-e62b39ef936d,HR Specialist,9,6,No,7,No,15.813276265736315
d1815b23-186a-4809-997b-5dbab465feb0,Product Manager,10,7,No,7,No,16.463886654079193
3a3611ea-1506-4c87-94ce-38ce06a167f6,Marketing Manager,6,10,No,10,Yes,7.902827961376522
d4a0f150-277d-4e29-b1fb-cba57fac087d,Data Scientist,9,1,No,4,No,14.833846749341781
54fc1a8b-614c-43d1-944e-607e006b6d1a,HR Specialist,6,4,Yes,1,No,8.552916651091923
7c01ab6b-9154-4272-9e87-312b31da96d8,Data Scientist,7,2,Yes,9,Yes,13.924468919986131
b5c4ef8b-8ee7-4eba-a146-1cf7d2abcecc,Product Manager,5,4,No,1,No,10.551943837966343
2141fcad-2876-4b97-aa13-8de6b15e1d87,Marketing Manager,7,7,No,10,No,10.875319447147255
d241ea0f-2ddc-422b-bf17-b5a51452d8aa,Software Engineer,9,4,No,4,Yes,14.177206284250689
12909b32-d8b3-49a7-b6d6-d83f5a70b0af,HR Specialist,4,2,Yes,3,No,14.95956719444822
f5eb9185-1118-4876-88ab-dc89e109074c,Marketing Manager,7,4,Yes,6,No,16.68352441549037
87247f30-95d5-423f-a434-b3e53d11cd7d,HR Specialist,10,8,Yes,5,Yes,17.053448175339124
49e2251a-ac0a-49ad-81c9-9d5be86251b5,HR Specialist,7,4,Yes,6,No,12.310379568754787
5c57eb7d-5a98-4156-8dd5-512493853b25,Marketing Manager,3,3,No,9,No,14.299562330505239
157802aa-e8a5-4d6b-855d-a515f0c200c2,HR Specialist,3,1,No,2,Yes,15.915369265123434
3da846f5-f4df-4301-88b4-dbe80a2cc6af,HR Specialist,9,2,No,2,Yes,11.153737220890967
d58a8dbc-5289-4060-a186-2f74e75491be,Marketing Manager,6,5,No,5,No,8.324468376786752
78ae7a01-88a7-497f-ae05-8987037b7721,HR Specialist,7,8,Yes,3,No,8.147441661969866
d1c0cc21-9bec-4ce1-b815-3f1c53ad9fbf,Marketing Manager,6,3,Yes,3,No,10.5378388836065
9a959b28-e365-46c7-90ef-cfa4de662fa9,Marketing Manager,7,9,No,9,No,6.98312233130015
094fdbbd-c5ad-4938-8322-42a7b974d9a5,HR Specialist,5,10,No,8,Yes,15.207731216346879
5acea077-b7b2-4d85-af8d-bb8bb9255318,Data Scientist,8,8,No,8,No,14.402240705547074
226fb08a-50b4-4db4-9608-94f6e1fa76f8,Product Manager,1,9,Yes,10,Yes,9.820164353874567
90afd590-e53f-43fc-88e5-2eb650cb657d,Data Scientist,9,5,Yes,5,Yes,15.052530763521297
354f7a7d-543a-46c1-a86c-b507fe3e2ddd,Software Engineer,1,7,No,10,Yes,13.672109203611544
